Data Source	World Development Indicators																																																																
																																																																	
Last Updated Date	29/06/2023																																																																
																																																																	
Country Name	Country Code	Indicator Name	Indicator Code	1960	1961	1962	1963	1964	1965	1966	1967	1968	1969	1970	1971	1972	1973	1974	1975	1976	1977	1978	1979	1980	1981	1982	1983	1984	1985	1986	1987	1988	1989	1990	1991	1992	1993	1994	1995	1996	1997	1998	1999	2000	2001	2002	2003	2004	2005	2006	2007	2008	2009	2010	2011	2012	2013	2014	2015	2016	2017	2018	2019	2020	2021
Aruba	ABW	PM2.5 air pollution, mean annual exposure (micrograms per cubic meter)	EN.ATM.PM25.MC.M3																																																														
Africa Eastern and Southern	AFE	PM2.5 air pollution, mean annual exposure (micrograms per cubic meter)	EN.ATM.PM25.MC.M3																															30.132.449.129.791					29.121.628.450.175					313.591.772.809.493					303.184.347.512.913					319.749.525.757.742	332.057.077.548.513	338.338.680.240.139	331.190.504.668.925	317.757.156.902.676	334.956.713.254.346	324.738.344.506.539	314.574.356.075.158	313.745.560.263.675	308.790.693.479.275		
Afghanistan	AFG	PM2.5 air pollution, mean annual exposure (micrograms per cubic meter)	EN.ATM.PM25.MC.M3																															4.928.239.771					485.648.929					5.155.453.373					4.615.192.895					5.182.178.913	5.624.722.763	5.470.023.262	5.879.165.857	6.186.532.919	6.059.701.482	5.720.370.424	5.335.536.322	5.280.462.038	5.241.704.109		
Africa Western and Central	AFW	PM2.5 air pollution, mean annual exposure (micrograms per cubic meter)	EN.ATM.PM25.MC.M3																															64.258.847.411.843					596.284.902.569.016					661.236.791.764.002					611.619.624.972.069					583.099.749.442.097	599.642.044.503.195	61.987.445.687.283	548.850.105.519.315	548.603.108.330.753	688.433.738.168.648	642.692.686.829.901	627.558.135.519.927	630.220.022.694.384	633.573.726.653.271		
Angola	AGO	PM2.5 air pollution, mean annual exposure (micrograms per cubic meter)	EN.ATM.PM25.MC.M3																															2.866.082.231					2.729.682.483					2.813.389.466					2.831.636.067					2.862.971.853	288.143.365	2.911.115.709	2.920.983.831	2.823.624.771	291.040.242	2.917.977.414	280.424.247	2.850.920.176	284.208.104		
Albania	ALB	PM2.5 air pollution, mean annual exposure (micrograms per cubic meter)	EN.ATM.PM25.MC.M3																															249.474.816					2.412.933.961					2.430.286.936					2.216.948.971					2.163.144.957	23.414.815	2.155.597.679	2.005.028.087	1.994.217.042	1.954.397.528	1.781.730.527	1.901.906.113	1.882.011.853	1.863.878.032		
Andorra	AND	PM2.5 air pollution, mean annual exposure (micrograms per cubic meter)	EN.ATM.PM25.MC.M3																															1.426.030.327					1.289.488.469					136.184.311					1.217.828.755					1.125.750.375	1.231.364.419	1.121.333.853	1.022.088.866	9.589.170.072	1.034.568.624	8.943.875.425	9.137.722.902	9.181.820.028	9.066.401.367		
Arab World	ARB	PM2.5 air pollution, mean annual exposure (micrograms per cubic meter)	EN.ATM.PM25.MC.M3																															461.760.434.378.235					474.936.463.161.895					49.011.025.225.197					48.896.804.127.787					524.600.513.432.619	503.044.320.057.521	509.986.301.265.217	511.463.965.270.441	482.092.160.717.904	516.514.906.605.905	483.263.624.116.937	493.354.321.234.064	49.363.266.993.105	492.271.393.538.395		
United Arab Emirates	ARE	PM2.5 air pollution, mean annual exposure (micrograms per cubic meter)	EN.ATM.PM25.MC.M3																															4.367.823.825					4.353.369.703					4.364.834.394					4.318.399.077					435.280.748	4.590.353.609	4.764.094.019	443.465.132	4.109.563.287	4.590.634.891	4.322.089.056	4.382.369.016	4.381.418.539	4.366.702.552		
Argentina	ARG	PM2.5 air pollution, mean annual exposure (micrograms per cubic meter)	EN.ATM.PM25.MC.M3																															1.562.276.872					155.412.485					1.416.360.006					1.329.202.423					137.363.052	1.418.995.612	1.335.883.878	1.470.187.086	1.377.937.715	1.458.721.171	1.411.129.971	1.361.076.539	1.363.250.289	1.351.118.918		
Armenia	ARM	PM2.5 air pollution, mean annual exposure (micrograms per cubic meter)	EN.ATM.PM25.MC.M3																															3.212.429.552					3.147.305.054					3.107.417.312					3.192.346.789					3.539.548.583	3.993.109.313	4.053.562.091	384.153.887	3.800.214.063	3.738.765.045	3.424.036.582	3.490.719.855	3.403.041.055	3.365.637.939		
American Samoa	ASM	PM2.5 air pollution, mean annual exposure (micrograms per cubic meter)	EN.ATM.PM25.MC.M3																															6.724.221.144					6.677.788.857					5.899.967.661					6.073.849.362					5.822.674.196	5.495.040.024	5.582.985.487	5.575.990.242	5.977.969.295	6.029.516.789	6.543.290.084	6.339.296.397	635.907.699	6.300.155.035		
Antigua and Barbuda	ATG	PM2.5 air pollution, mean annual exposure (micrograms per cubic meter)	EN.ATM.PM25.MC.M3																															1.811.745.994					181.303.641					1.817.867.165					165.773.788					1.689.122.391	1.608.669.375	1.678.599.453	1.694.753.609	1.648.732.491	1.814.588.457	176.733.477	1.718.390.999	175.653.142	1.759.200.058		
Australia	AUS	PM2.5 air pollution, mean annual exposure (micrograms per cubic meter)	EN.ATM.PM25.MC.M3																															7.593.652.633					7.475.606.975					7.356.627.454					6.904.730.947					6.785.235.613	6.707.494.797	6.995.491.287	6.964.302.296	6.880.050.681	6.848.476.723	6.815.366.192	6.673.638.956	6.738.086.439	6.745.497.859		
Austria	AUT	PM2.5 air pollution, mean annual exposure (micrograms per cubic meter)	EN.ATM.PM25.MC.M3																															2.128.759.264					2.010.142.092					1.730.168.358					1.647.804.063					157.085.395	160.961.842	1.450.094.818	1.450.183.038	1.281.319.702	1.335.116.934	1.230.410.306	1.196.813.105	1.231.952.644	1.216.821.803		
Azerbaijan	AZE	PM2.5 air pollution, mean annual exposure (micrograms per cubic meter)	EN.ATM.PM25.MC.M3																															2.269.528.563					2.619.512.957					245.397.947					231.507.772					2.508.164.307	2.700.590.351	2.876.775.881	2.823.862.769	2.748.496.809	2.606.618.737	2.438.549.474	250.632.901	2.513.594.199	254.950.546		
Burundi	BDI	PM2.5 air pollution, mean annual exposure (micrograms per cubic meter)	EN.ATM.PM25.MC.M3																															3.445.562.826					3.474.639.363					3.618.281.228					3.364.156.521					3.317.087.207	3.529.849.847	3.710.546.174	3.506.835.865	3.492.429.065	3.579.366.221	3.548.687.315	328.625.076	3.376.642.862	3.327.977.863		
Belgium	BEL	PM2.5 air pollution, mean annual exposure (micrograms per cubic meter)	EN.ATM.PM25.MC.M3																															2.105.108.459					1.969.909.675					1.764.764.194					1.583.183.972					1.688.463.686	1.614.879.057	1.511.497.046	1.423.228.565	1.283.901.513	1.320.164.452	1.237.628.991	1.282.757.618	1.276.304.285	126.724.532		
Benin	BEN	PM2.5 air pollution, mean annual exposure (micrograms per cubic meter)	EN.ATM.PM25.MC.M3																															4.548.412.352					4.146.454.464					476.135.595					4.176.793.893					4.136.262.362	4.177.270.482	4.341.596.784	391.788.092	3.931.147.497	4.903.490.782	4.648.119.179	4.503.636.256	4.624.556.121	468.584.555		
Burkina Faso	BFA	PM2.5 air pollution, mean annual exposure (micrograms per cubic meter)	EN.ATM.PM25.MC.M3																															5.184.606.211					4.936.244.134					5.488.701.913					549.070.878					5.403.992.338	5.123.693.236	5.418.097.152	4.734.169.055	484.137.269	6.027.252.262	562.288.836	5.353.072.599	5.364.967.602	5.367.033.962		
Bangladesh	BGD	PM2.5 air pollution, mean annual exposure (micrograms per cubic meter)	EN.ATM.PM25.MC.M3																															5.290.993.831					5.164.362.616					5.374.695.817					5.506.194.439					5.641.649.854	605.358.739	6.894.271.136	6.642.738.113	7.327.082.296	6.897.033.719	677.673.598	6.275.318.316	6.327.546.257	634.255.285		
Bulgaria	BGR	PM2.5 air pollution, mean annual exposure (micrograms per cubic meter)	EN.ATM.PM25.MC.M3																															2.804.612.218					2.669.048.619					2.603.477.866					2.385.248.605					227.674.356	255.775.453	226.468.314	2.122.186.088	2.163.806.967	2.032.357.683	1.940.617.985	1.966.415.885	1.965.003.099	1.936.594.583		
Bahrain	BHR	PM2.5 air pollution, mean annual exposure (micrograms per cubic meter)	EN.ATM.PM25.MC.M3																															6.113.442.627					585.159.852					6.307.217.982					6.659.652.745					6.375.377.018	6.533.843.793	6.807.534.915	6.428.454.239	5.951.273.914	6.636.107.967	6.164.582.457	6.167.431.284	6.043.815.811	5.921.710.593		
Bahamas	 The	BHS	PM2.5 air pollution, mean annual exposure (micrograms per cubic meter)	EN.ATM.PM25.MC.M3																															1.680.969.086					1.696.833.987					1.736.915.156					1.644.163.266					1.543.740.141	1.561.181.668	1.642.049.683	1.570.876.377	1.618.216.874	1.620.392.015	1.586.345.443	1.539.542.797	1.572.864.111	1.559.065.792	
Bosnia and Herzegovina	BIH	PM2.5 air pollution, mean annual exposure (micrograms per cubic meter)	EN.ATM.PM25.MC.M3																															3.672.380.163					3.626.619.836					3.818.887.373					3.595.591.128					3.436.075.673	3.814.529.617	3.447.534.031	3.295.117.432	3.160.560.208	3.286.433.955	2.877.587.802	2.992.213.704	2.993.448.538	2.946.633.319		
Belarus	BLR	PM2.5 air pollution, mean annual exposure (micrograms per cubic meter)	EN.ATM.PM25.MC.M3																															252.079.681					2.308.216.971					218.129.049					2.100.241.299					2.209.841.962	1.955.318.145	1.888.122.818	1.978.007.712	2.021.540.632	1.850.294.397	1.671.207.883	1.640.896.425	1.650.189.248	1.642.351.285		
Belize	BLZ	PM2.5 air pollution, mean annual exposure (micrograms per cubic meter)	EN.ATM.PM25.MC.M3																															2.358.068.506					2.301.906.852					226.202.028					2.100.124.164					1.869.962.284	2.104.575.637	196.942.048	2.242.094.081	2.165.038.865	2.205.209.141	2.108.657.207	2.095.634.663	2.126.808.522	2.117.639.652		
Bermuda	BMU	PM2.5 air pollution, mean annual exposure (micrograms per cubic meter)	EN.ATM.PM25.MC.M3																															9.930.088.179					993.145.734					8.413.852.372					7.845.021.263					7.093.306.446	6.862.490.575	6.830.379.818	6.487.238.908	6.882.271.843	7.007.919.722	7.455.581.683	7.195.360.215	7.154.130.038	7.069.562.328		
Bolivia	BOL	PM2.5 air pollution, mean annual exposure (micrograms per cubic meter)	EN.ATM.PM25.MC.M3																															4.997.818.193					4.314.937.091					2.995.434.417					2.756.278.704					3.099.186.302	2.793.127.669	2.774.731.988	2.609.198.709	2.764.739.605	2.874.197.769	2.756.633.411	271.847.545	2.701.261.068	2.683.286.559		
Brazil	BRA	PM2.5 air pollution, mean annual exposure (micrograms per cubic meter)	EN.ATM.PM25.MC.M3																															1.463.356.471					1.447.943.507					1.459.147.229					1.456.811.401					140.825.006	146.948.008	1.378.803.347	1.315.581.696	1.300.059.985	1.169.149.461	1.142.284.509	1.166.527.298	1.162.699.706	1.165.399.121		
Barbados	BRB	PM2.5 air pollution, mean annual exposure (micrograms per cubic meter)	EN.ATM.PM25.MC.M3																															2.203.546.704					2.202.975.898					2.209.745.927					1.976.708.368					1.993.972.371	1.916.245.671	200.960.981	2.012.125.502	2.019.670.971	2.194.444.639	2.108.043.284	2.092.639.263	2.126.503.022	2.134.389.367		
Brunei Darussalam	BRN	PM2.5 air pollution, mean annual exposure (micrograms per cubic meter)	EN.ATM.PM25.MC.M3																															7.963.653.174					6.826.810.749					6.446.695.124					6.693.596.917					6.393.486.339	7.345.177.681	7.610.637.069	7.616.318.907	7.745.818.643	7.926.244.379	7.649.925.898	7.348.749.548	7.683.014.194	7.680.643.971		
Bhutan	BTN	PM2.5 air pollution, mean annual exposure (micrograms per cubic meter)	EN.ATM.PM25.MC.M3																															3.510.106.433					3.384.334.506					3.671.562.148					3.928.993.221					3.972.804.014	3.804.491.799	4.430.762.611	4.270.851.915	4.853.903.271	444.829.243	4.364.904.826	4.016.357.364	4.041.256.497	4.029.859.817		
Botswana	BWA	PM2.5 air pollution, mean annual exposure (micrograms per cubic meter)	EN.ATM.PM25.MC.M3																															2.384.569.363					2.365.460.191					2.403.724.388					2.443.023.197					2.614.248.485	2.654.697.541	2.662.372.992	2.567.039.823	2.516.656.494	2.615.619.973	2.520.036.677	2.488.065.732	2.491.056.457	2.471.873.626		
Central African Republic	CAF	PM2.5 air pollution, mean annual exposure (micrograms per cubic meter)	EN.ATM.PM25.MC.M3																															452.320.172					4.442.833.063					45.264.541					417.241.462					438.549.236	4.692.326.876	4.717.214.767	447.263.164	424.180.555	4.822.091.955	4.552.426.043	443.882.319	4.610.881.594	463.767.539		
Canada	CAN	PM2.5 air pollution, mean annual exposure (micrograms per cubic meter)	EN.ATM.PM25.MC.M3																															1.009.239.222					9.768.846.476					9.200.371.951					9.020.255.828					7.884.019.371	7.340.076.929	7.600.495.484	7.275.026.619	7.492.005.176	7.279.802.012	6.205.823.409	7.281.874.712	707.877.626	7.100.156.005		
Central Europe and the Baltics	CEB	PM2.5 air pollution, mean annual exposure (micrograms per cubic meter)	EN.ATM.PM25.MC.M3																															272.768.579.849.851					264.231.316.028.017					233.863.030.200.913					224.465.281.303.258					223.798.774.503.658	228.764.071.848.199	207.686.838.499.105	199.020.405.185.246	199.628.916.490.452	192.058.018.292.805	181.285.351.911.092	186.892.358.109.443	187.596.878.142.375	186.397.408.343.456		
Switzerland	CHE	PM2.5 air pollution, mean annual exposure (micrograms per cubic meter)	EN.ATM.PM25.MC.M3																															1.797.383.325					1.670.703.907					1.488.087.098					1.306.616.084					1.315.189.172	1.381.779.708	1.271.146.517	1.247.195.588	1.060.883.998	1.159.075.488	1.060.281.759	9.854.778.198	1.015.005.926	9.902.709.701		
Channel Islands	CHI	PM2.5 air pollution, mean annual exposure (micrograms per cubic meter)	EN.ATM.PM25.MC.M3																																																														
Chile	CHL	PM2.5 air pollution, mean annual exposure (micrograms per cubic meter)	EN.ATM.PM25.MC.M3																															2.102.891.948					2.087.261.133					2.220.915.288					2.110.676.982					2.113.580.447	224.347.061	2.142.944.248	2.296.134.961	2.230.595.213	2.355.853.654	2.376.052.341	2.193.712.901	2.272.046.987	2.276.585.719		
China	CHN	PM2.5 air pollution, mean annual exposure (micrograms per cubic meter)	EN.ATM.PM25.MC.M3																															4.888.419.264					4.909.456.138					5.076.470.176					5.155.204.637					5.328.667.651	5.840.555.752	5.890.513.577	6.328.657.095	6.026.956.062	5.620.412.426	5.158.657.201	4.992.778.443	4.927.568.382	4.767.263.439		
Cote d'Ivoire	CIV	PM2.5 air pollution, mean annual exposure (micrograms per cubic meter)	EN.ATM.PM25.MC.M3																															5.767.999.629					4.862.890.102					5.988.341.803					5.669.825.521					5.091.110.203	5.651.620.975	5.669.822.576	4.879.181.091	4.805.276.242	6.341.107.876	6.124.645.868	5.504.316.481	5.559.821.808	5.562.337.378		
Cameroon	CMR	PM2.5 air pollution, mean annual exposure (micrograms per cubic meter)	EN.ATM.PM25.MC.M3																															6.634.276.906					5.940.534.304					6.741.490.186					6.129.110.011					594.274.705	5.886.976.922	6.132.736.378	5.676.664.192	5.635.775.552	6.951.058.018	650.564.255	623.153.609	6.383.099.556	6.447.088.106		
Congo	 Dem. Rep.	COD	PM2.5 air pollution, mean annual exposure (micrograms per cubic meter)	EN.ATM.PM25.MC.M3																															3.949.893.211					3.935.947.828					3.965.498.549					3.592.843.565					3.588.052.514	3.698.630.498	390.123.562	3.818.559.351	3.666.375.068	4.027.107.846	379.286.139	3.559.581.848	3.647.254.408	3.586.088.793	
Congo	 Rep.	COG	PM2.5 air pollution, mean annual exposure (micrograms per cubic meter)	EN.ATM.PM25.MC.M3																															3.786.580.591					3.698.057.787					3.854.485.822					3.689.651.998					3.803.920.932	3.852.385.349	3.905.647.597	4.103.303.244	3.807.507.474	4.160.345.611	4.036.513.118	3.836.895.785	3.950.958.584	3.930.341.272	
Colombia	COL	PM2.5 air pollution, mean annual exposure (micrograms per cubic meter)	EN.ATM.PM25.MC.M3																															2.945.036.561					2.826.313.943					2.835.304.869					2.355.652.816					250.816.067	2.594.720.366	234.265.212	242.848.162	2.385.881.131	2.292.043.409	2.272.386.043	220.407.325	2.211.926.649	2.201.072.747		
Comoros	COM	PM2.5 air pollution, mean annual exposure (micrograms per cubic meter)	EN.ATM.PM25.MC.M3																															1.646.789.079					1.641.713.972					1.757.244.296					1.737.458.137					1.712.974.601	1.791.529.648	1.734.428.608	1.773.411.712	170.517.918	179.161.831	1.731.528.735	1.663.714.372	1.718.012.088	1.715.567.571		
Cabo Verde	CPV	PM2.5 air pollution, mean annual exposure (micrograms per cubic meter)	EN.ATM.PM25.MC.M3																															4.744.695.547					4.698.602.472					5.090.455.589					4.285.174.163					3.411.058.979	4.689.453.877	5.229.133.025	4.289.778.424	3.918.447.447	5.384.034.644	4.792.595.122	5.261.609.912	5.005.668.918	5.111.721.004		
Costa Rica	CRI	PM2.5 air pollution, mean annual exposure (micrograms per cubic meter)	EN.ATM.PM25.MC.M3																															1.675.082.661					1.611.801.169					1.796.339.577					18.192.241					1.810.693.704	1.956.315.996	1.887.125.053	1.918.037.888	1.828.090.193	185.648.497	1.790.242.599	1.743.892.166	1.752.546.596	1.742.174.135		
Caribbean small states	CSS	PM2.5 air pollution, mean annual exposure (micrograms per cubic meter)	EN.ATM.PM25.MC.M3																															19.099.998.730.788					189.410.728.168.846					19.970.522.681.368					18.286.840.583.258					179.684.032.840.665	174.008.120.156.845	183.254.635.953.193	182.496.802.255.472	184.682.563.521.984	196.331.896.898.059	188.790.585.691.676	186.452.067.174.909	187.008.777.716.703	185.508.810.045.172		
Cuba	CUB	PM2.5 air pollution, mean annual exposure (micrograms per cubic meter)	EN.ATM.PM25.MC.M3																															2.008.741.907					1.957.760.506					2.069.946.783					1.900.076.003					1.807.248.309	1.892.277.826	1.905.070.976	1.919.138.531	195.657.393	200.554.292	1.935.410.515	1.838.056.914	1.821.883.434	1.772.659.724		
Curacao	CUW	PM2.5 air pollution, mean annual exposure (micrograms per cubic meter)	EN.ATM.PM25.MC.M3																																																														
Cayman Islands	CYM	PM2.5 air pollution, mean annual exposure (micrograms per cubic meter)	EN.ATM.PM25.MC.M3																																																														
Cyprus	CYP	PM2.5 air pollution, mean annual exposure (micrograms per cubic meter)	EN.ATM.PM25.MC.M3																															1.748.988.591					1.879.731.478					1.848.744.599					1.796.776.089					1.880.666.676	1.849.284.254	1.681.350.235	1.629.507.954	1.641.203.304	1.713.237.684	1.441.331.917	151.441.739	1.558.861.663	1.557.380.293		
Czechia	CZE	PM2.5 air pollution, mean annual exposure (micrograms per cubic meter)	EN.ATM.PM25.MC.M3																															2.611.674.239					2.493.815.019					2.141.269.573					2.087.395.739					2.048.778.139	207.873.617	1.904.740.747	1.871.154.684	1.816.896.079	1.763.788.699	1.671.289.546	1.673.176.229	1.696.278.201	1.675.140.093		
Germany	DEU	PM2.5 air pollution, mean annual exposure (micrograms per cubic meter)	EN.ATM.PM25.MC.M3																															205.580.271					1.863.671.331					1.643.916.499					1.508.202.344					1.608.934.354	1.557.511.307	138.086.903	1.357.835.046	1.224.528.447	1.272.693.664	1.177.992.518	1.188.161.987	1.192.460.308	1.180.580.716		
Djibouti	DJI	PM2.5 air pollution, mean annual exposure (micrograms per cubic meter)	EN.ATM.PM25.MC.M3																															388.456.207					3.731.743.369					425.053.916					3.976.661.984					4.200.889.257	4.533.865.903	4.701.194.744	4.626.029.567	4.285.562.418	4.489.784.611	4.347.619.484	4.366.118.465	4.339.312.927	4.316.577.438		
Dominica	DMA	PM2.5 air pollution, mean annual exposure (micrograms per cubic meter)	EN.ATM.PM25.MC.M3																															1.922.167.236					1.924.067.287					1.915.179.877					1.752.865.528					176.150.034	1.688.759.795	1.778.294.307	1.779.640.821	1.749.910.192	192.530.028	1.853.218.593	181.758.119	1.856.540.278	1.860.844.325		
Denmark	DNK	PM2.5 air pollution, mean annual exposure (micrograms per cubic meter)	EN.ATM.PM25.MC.M3																															1.725.015.977					1.539.446.635					1.454.206.031					1.309.783.363					1.329.038.466	1.356.725.749	1.082.992.224	104.485.287	1.103.144.858	1.016.512.436	9.286.433.949	1.028.076.623	9.868.317.849	9.785.959.755		
Dominican Republic	DOM	PM2.5 air pollution, mean annual exposure (micrograms per cubic meter)	EN.ATM.PM25.MC.M3																															1.666.158.736					1.639.220.976					1.797.651.855					1.747.346.106					1.676.999.522	1.621.392.774	1.698.500.632	1.685.065.699	1.744.234.007	1.822.650.845	1.777.201.952	1.774.186.912	1.773.840.139	1.772.938.154		
Algeria	DZA	PM2.5 air pollution, mean annual exposure (micrograms per cubic meter)	EN.ATM.PM25.MC.M3																															3.006.889.972					3.211.741.075					3.537.684.627					3.400.185.152					3.194.215.239	3.147.118.632	3.249.110.136	303.495.654	3.187.523.927	3.344.000.481	3.279.009.631	3.255.274.407	3.266.295.035	3.283.308.539		
East Asia & Pacific (excluding high income)	EAP	PM2.5 air pollution, mean annual exposure (micrograms per cubic meter)	EN.ATM.PM25.MC.M3																															433.826.487.434.332					429.460.069.564					43.552.718.288.883					437.732.652.295.737					446.727.623.444.631	470.413.840.343.598	476.785.440.236.766	508.670.183.656.708	480.854.753.092.332	453.145.268.534.459	424.502.554.796.446	405.439.356.812.524	402.061.386.132.457	391.184.561.386.664		
Early-demographic dividend	EAR	PM2.5 air pollution, mean annual exposure (micrograms per cubic meter)	EN.ATM.PM25.MC.M3																															522.496.420.170.048					490.781.639.266.868					514.509.807.250.405					509.086.102.703.464					543.754.390.784.987	555.794.256.183.591	592.102.811.500.375	605.737.214.226.727	629.360.196.520.497	600.414.592.356.534	612.900.533.335.616	556.673.628.362.404	563.090.326.705.128	563.037.284.863.983		
East Asia & Pacific	EAS	PM2.5 air pollution, mean annual exposure (micrograms per cubic meter)	EN.ATM.PM25.MC.M3																															402.060.139.510.227					398.707.890.263.134					405.192.809.317.121					407.101.274.519.799					414.893.207.513.296	437.779.699.331.207	444.046.078.823.296	473.469.864.081.143	44.897.936.087.317	423.777.210.261.312	398.022.461.452.455	380.944.773.364.044	378.106.730.156.285	368.379.420.223.245		
Europe & Central Asia (excluding high income)	ECA	PM2.5 air pollution, mean annual exposure (micrograms per cubic meter)	EN.ATM.PM25.MC.M3																															233.477.932.384.237					226.575.334.107.787					218.217.999.485.263					205.389.727.675.129					218.907.175.272.445	224.441.176.310.467	219.271.796.390.863	221.249.177.809.242	217.913.606.623.245	211.621.125.796.649	202.791.438.688.807	197.461.791.112.298	198.527.176.438.991	197.554.617.965.152		
Europe & Central Asia	ECS	PM2.5 air pollution, mean annual exposure (micrograms per cubic meter)	EN.ATM.PM25.MC.M3																															21.917.064.708.579					20.879.246.582.213					195.862.717.561.308					181.922.853.645.384					186.430.356.362.595	190.495.714.749.422	178.360.888.951.084	176.646.432.070.769	17.060.514.383.973	168.879.920.517.317	159.338.625.373.698	15.836.476.224.478	158.972.046.478.569	157.890.642.572.217		
Ecuador	ECU	PM2.5 air pollution, mean annual exposure (micrograms per cubic meter)	EN.ATM.PM25.MC.M3																															2.167.806.892					1.890.217.376					1.879.918.179					1.962.900.732					2.129.437.515	195.062.242	2.088.473.743	1.999.272.951	2.083.237.429	2.091.779.236	2.071.374.205	1.921.356.831	2.005.559.153	1.997.447.395		
Egypt	 Arab Rep.	EGY	PM2.5 air pollution, mean annual exposure (micrograms per cubic meter)	EN.ATM.PM25.MC.M3																															6.663.510.423					7.462.389.167					6.984.884.709					696.572.716					7.851.079.086	6.978.315.269	6.970.422.324	7.475.519.581	7.202.485.383	7.313.098.828	6.674.703.838	6.695.918.516	6.847.289.608	6.788.817.813	
Euro area	EMU	PM2.5 air pollution, mean annual exposure (micrograms per cubic meter)	EN.ATM.PM25.MC.M3																															199.997.845.504.899					185.656.452.739.546					173.551.920.495.259					158.490.508.320.501					157.553.273.036.516	159.563.210.109.102	142.817.735.057.275	138.416.024.118.317	127.270.980.695.949	132.584.135.385.211	120.751.493.694.865	122.232.564.822.507	122.936.335.594.389	121.654.927.925.308		
Eritrea	ERI	PM2.5 air pollution, mean annual exposure (micrograms per cubic meter)	EN.ATM.PM25.MC.M3																															449.983.915					4.177.925.302					4.491.584.852					4.213.880.224					4.329.440.019	4.339.379.676	4.454.206.936	4.470.930.865	3.915.059.178	4.306.823.697	4.132.723.515	4.385.000.214	434.782.267	4.407.053.957		
Spain	ESP	PM2.5 air pollution, mean annual exposure (micrograms per cubic meter)	EN.ATM.PM25.MC.M3																															1.401.506.177					1.274.119.843					136.642.286					1.234.932.779					1.149.190.106	1.244.203.689	1.117.997.141	103.607.232	9.830.912.644	1.053.568.076	9.576.497.124	9.749.324.875	9.769.206.907	9.728.788.477		
Estonia	EST	PM2.5 air pollution, mean annual exposure (micrograms per cubic meter)	EN.ATM.PM25.MC.M3																															9.908.308.897					9.334.029.522					843.278.366					836.496.091					8.648.386.553	7.749.831.914	7.484.387.015	7.541.812.181	8.097.020.858	6.563.380.324	6.517.719.719	5.683.914.429	5.985.799.478	5.893.562.381		
Ethiopia	ETH	PM2.5 air pollution, mean annual exposure (micrograms per cubic meter)	EN.ATM.PM25.MC.M3																															3.006.183.701					2.740.849.476					3.087.949.696					3.147.408.068					3.402.327.199	3.491.967.839	3.557.819.849	3.536.549.106	3.299.059.157	3.442.531.071	3.361.502.933	3.394.832.602	3.385.373.372	337.807.199		
European Union	EUU	PM2.5 air pollution, mean annual exposure (micrograms per cubic meter)	EN.ATM.PM25.MC.M3																															216.069.395.292.446					202.587.656.322.214					186.233.375.241.084					171.722.205.647.182					170.454.574.708.348	173.208.928.556.419	155.206.959.636.466	149.767.619.044.992	141.454.972.043.513	143.712.466.566.487	132.209.311.899.878	134.796.466.853.834	135.276.814.727.209	133.991.506.047.814		
Fragile and conflict affected situations	FCS	PM2.5 air pollution, mean annual exposure (micrograms per cubic meter)	EN.ATM.PM25.MC.M3																															436.286.575.621.894					4.162.325.852.392					449.353.549.771.261					434.648.551.087.152					441.345.804.170.178	445.659.880.519.218	458.942.560.437.216	435.561.212.556.994	422.183.795.006.543	484.186.962.131.835	457.779.279.360.172	449.762.175.913.438	453.163.942.996.535	454.135.867.956.366		
Finland	FIN	PM2.5 air pollution, mean annual exposure (micrograms per cubic meter)	EN.ATM.PM25.MC.M3																															8.801.565.223					8.138.244.898					7.505.004.878					7.114.175.404					7.205.869.088	7.018.955.644	6.363.062.222	5.983.816.655	6.373.112.438	562.877.844	5.589.432.223	5.257.788.389	5.596.788.665	5.565.330.197		
Fiji	FJI	PM2.5 air pollution, mean annual exposure (micrograms per cubic meter)	EN.ATM.PM25.MC.M3																															7.742.750.421					7.754.227.815					1.099.824.794					11.098.569					1.093.396.761	1.098.057.046	1.099.967.408	1.114.022.253	1.073.278.375	1.062.224.564	1.108.714.633	1.106.543.703	1.098.446.945	109.932.094		
France	FRA	PM2.5 air pollution, mean annual exposure (micrograms per cubic meter)	EN.ATM.PM25.MC.M3																															1.855.297.943					1.722.733.302					1.607.573.118					1.489.539.999					1.507.698.542	1.499.131.566	1.368.529.611	1.361.154.039	1.158.971.968	1.230.792.454	114.918.237	1.143.000.879	1.153.704.439	1.140.575.038		
Faroe Islands	FRO	PM2.5 air pollution, mean annual exposure (micrograms per cubic meter)	EN.ATM.PM25.MC.M3																																																														
Micronesia	 Fed. Sts.	FSM	PM2.5 air pollution, mean annual exposure (micrograms per cubic meter)	EN.ATM.PM25.MC.M3																															1.030.763.774					1.069.234.948					1.105.677.923					1.089.265.862					1.052.119.627	1.037.657.887	1.026.183.249	1.070.325.232	1.019.444.017	1.172.674.947	1.025.635.183	101.509.403	1.039.904.238	1.038.285.056	
Gabon	GAB	PM2.5 air pollution, mean annual exposure (micrograms per cubic meter)	EN.ATM.PM25.MC.M3																															366.967.399					3.547.223.745					371.754.755					3.434.349.626					3.545.526.085	3.603.479.593	3.493.156.522	3.716.684.022	341.318.172	3.973.197.591	390.009.896	3.536.985.071	3.693.641.776	3.674.675.483		
United Kingdom	GBR	PM2.5 air pollution, mean annual exposure (micrograms per cubic meter)	EN.ATM.PM25.MC.M3																															1.740.916.781					1.637.593.902					1.485.608.116					1.333.739.937					1.242.896.791	1.299.522.944	1.143.181.815	1.142.279.633	1.088.658.588	1.037.250.919	1.021.445.169	1.035.539.774	1.017.141.578	1.009.284.402		
Georgia	GEO	PM2.5 air pollution, mean annual exposure (micrograms per cubic meter)	EN.ATM.PM25.MC.M3																															1.900.295.967					1.919.401.083					1.721.162.364					1.651.679.403					1.780.213.302	1.982.880.145	2.013.867.477	1.958.915.924	1.938.130.856	1.848.419.633	1.768.579.608	1.802.704.398	1.781.426.399	1.785.586.499		
Ghana	GHA	PM2.5 air pollution, mean annual exposure (micrograms per cubic meter)	EN.ATM.PM25.MC.M3																															5.850.614.317					4.943.767.636					6.034.547.396					5.284.830.506					5.008.807.979	5.347.816.985	5.452.706.673	4.778.909.296	469.526.973	6.048.227.972	59.661.617	5.593.672.757	5.423.685.549	5.398.926.008		
Gibraltar	GIB	PM2.5 air pollution, mean annual exposure (micrograms per cubic meter)	EN.ATM.PM25.MC.M3																																																														
Guinea	GIN	PM2.5 air pollution, mean annual exposure (micrograms per cubic meter)	EN.ATM.PM25.MC.M3																															5.501.450.539					5.050.935.562					530.035.338					5.087.115.318					5.107.018.507	5.194.689.259	5.285.547.204	4.597.257.249	4.819.905.641	5.621.359.737	5.358.936.352	5.348.751.596	5.244.233.437	5.251.253.174		
Gambia	 The	GMB	PM2.5 air pollution, mean annual exposure (micrograms per cubic meter)	EN.ATM.PM25.MC.M3																															6.038.782.104					5.987.209.076					5.947.831.452					553.530.761					5.496.105.771	569.350.963	6.212.654.192	5.151.717.091	5.361.781.493	6.180.443.087	5.752.369.277	6.141.990.384	5.800.293.314	5.808.072.376	
Guinea-Bissau	GNB	PM2.5 air pollution, mean annual exposure (micrograms per cubic meter)	EN.ATM.PM25.MC.M3																															5.831.124.322					5.604.283.361					5.642.631.336					5.266.763.856					5.280.501.579	5.395.598.891	5.680.371.059	47.569.479	4.937.871.651	575.086.131	540.903.092	5.749.587.976	5.403.820.301	5.406.829.369		
Equatorial Guinea	GNQ	PM2.5 air pollution, mean annual exposure (micrograms per cubic meter)	EN.ATM.PM25.MC.M3																															473.546.656					4.089.112.012					4.684.866.156					402.537.776					400.552.493	4.137.893.343	3.974.657.182	3.940.271.655	3.910.904.578	4.784.805.559	4.674.295.432	4.280.037.217	4.488.882.315	4.528.465.901		
Greece	GRC	PM2.5 air pollution, mean annual exposure (micrograms per cubic meter)	EN.ATM.PM25.MC.M3																															2.037.743.795					2.007.166.871					2.071.409.122					1.915.743.208					1.906.202.926	1.973.341.964	1.737.070.897	1.669.353	1.572.743.666	1.604.385.798	1.446.980.163	1.443.912.017	1.451.537.033	142.538.714		
Grenada	GRD	PM2.5 air pollution, mean annual exposure (micrograms per cubic meter)	EN.ATM.PM25.MC.M3																															216.841.061					2.153.427.898					2.181.550.263					1.966.107.509					1.982.709.385	1.910.315.605	200.647.388	2.008.742.225	2.026.503.477	2.194.013.568	2.117.807.748	2.100.966.255	2.138.302.419	2.148.591.655		
Greenland	GRL	PM2.5 air pollution, mean annual exposure (micrograms per cubic meter)	EN.ATM.PM25.MC.M3																															6.745.468.652					6.628.074.959					6.321.862.093					6.361.755.729					6.028.100.954	5.785.407.287	613.427.501	6.082.991.842	6.378.015.917	6.226.964.273	6.472.452.957	6.616.395.462	6.515.998.783	6.462.977.097		
Guatemala	GTM	PM2.5 air pollution, mean annual exposure (micrograms per cubic meter)	EN.ATM.PM25.MC.M3																															400.462.231					3.801.561.498					3.586.654.107					29.198.214					2.887.738.634	32.544.288	3.032.467.663	3.224.187.476	2.942.704.565	3.094.349.566	2.917.182.245	2.781.052.009	2.802.331.277	2.764.788.197		
Guam	GUM	PM2.5 air pollution, mean annual exposure (micrograms per cubic meter)	EN.ATM.PM25.MC.M3																															9.290.175.111					9.074.368.401					7.819.470.772					753.353.071					7.184.061.682	6.859.106.867	6.884.723.871	7.840.641.715	7.432.922.337	1.004.977.671	8.340.218.624	7.745.768.475	8.252.069.387	8.221.834.725		
Guyana	GUY	PM2.5 air pollution, mean annual exposure (micrograms per cubic meter)	EN.ATM.PM25.MC.M3																															2.241.327.571					2.271.361.857					2.643.412.436					2.224.598.196					2.169.833.304	2.095.555.676	2.232.520.255	2.166.481.921	2.130.120.727	2.292.175.634	2.233.097.583	2.143.446.346	208.255.222	2.010.090.382		
High income	HIC	PM2.5 air pollution, mean annual exposure (micrograms per cubic meter)	EN.ATM.PM25.MC.M3																															183.256.760.945.353					175.172.013.761.384					16.806.042.825.366					158.911.321.573.621					155.920.106.070.634	161.458.298.557.849	154.870.766.763.148	153.070.570.019.511	146.597.893.652.935	15.010.902.148.005	140.429.967.070.674	144.088.339.528.043	144.229.902.160.551	143.468.101.536.618		
Hong Kong SAR	 China	HKG	PM2.5 air pollution, mean annual exposure (micrograms per cubic meter)	EN.ATM.PM25.MC.M3																																																													
Honduras	HND	PM2.5 air pollution, mean annual exposure (micrograms per cubic meter)	EN.ATM.PM25.MC.M3																															2.796.905.139					2.648.486.237					2.753.958.991					2.550.601.519					2.406.241.788	286.901.789	2.551.904.301	2.804.343.945	2.560.894.093	2.672.226.603	2.475.521.888	2.274.896.563	2.336.239.296	2.287.512.366		
Heavily indebted poor countries (HIPC)	HPC	PM2.5 air pollution, mean annual exposure (micrograms per cubic meter)	EN.ATM.PM25.MC.M3																															402.387.076.188.553					378.145.352.204.999					412.952.692.352.143					394.570.466.532.912					40.169.179.642.403	416.462.595.434.068	425.422.803.285.598	402.455.451.874.764	39.447.625.238.085	44.306.160.008.978	424.819.397.555.969	409.120.476.369.442	409.194.501.161.681	406.734.696.584.573		
Croatia	HRV	PM2.5 air pollution, mean annual exposure (micrograms per cubic meter)	EN.ATM.PM25.MC.M3																															2.611.057.713					2.565.266.755					2.365.186.739					2.307.265.013					2.121.532.951	2.324.147.685	2.057.402.212	2.004.200.652	1.954.244.679	1.994.360.466	1.772.824.296	1.834.290.048	1.862.479.372	1.846.495.986		
Haiti	HTI	PM2.5 air pollution, mean annual exposure (micrograms per cubic meter)	EN.ATM.PM25.MC.M3																															1.793.831.381					1.736.049.931					1.958.669.508					1.863.563.931					1.805.516.481	1.773.545.429	1.854.325.277	1.871.624.801	1.917.668.414	1.988.014.557	1.914.929.749	1.912.974.699	1.914.097.132	1.903.230.796		
Hungary	HUN	PM2.5 air pollution, mean annual exposure (micrograms per cubic meter)	EN.ATM.PM25.MC.M3																															2.558.181.863					2.508.759.254					213.395.071					2.028.580.736					20.010.989	2.074.074.009	1.842.206.445	1.748.896.034	1.752.501.676	1.754.829.004	1.573.414.047	1.657.651.016	1.663.089.611	1.649.434.933		
IBRD only	IBD	PM2.5 air pollution, mean annual exposure (micrograms per cubic meter)	EN.ATM.PM25.MC.M3																															457.728.041.326.725					443.209.017.671.029					460.140.352.774.778					461.022.342.279.671					488.018.285.508.938	507.809.683.903.472	526.393.637.782.281	549.789.928.356.748	553.071.254.003.276	522.635.218.494.971	517.805.977.097.805	479.917.153.190.397	482.627.895.266.771	478.363.898.203.621		
IDA & IBRD total	IBT	PM2.5 air pollution, mean annual exposure (micrograms per cubic meter)	EN.ATM.PM25.MC.M3																															459.507.689.250.482					44.245.316.469.734					463.194.771.365.955					459.783.607.306.757					482.283.957.926.612	500.693.502.743.744	52.109.229.101.908	533.688.588.539.309	537.254.024.133.599	522.164.144.743.704	514.651.173.102.724	479.675.706.429.188	482.096.926.335.154	478.642.021.486.937		
IDA total	IDA	PM2.5 air pollution, mean annual exposure (micrograms per cubic meter)	EN.ATM.PM25.MC.M3																															46.662.799.074.091					439.586.315.642.732					474.129.490.882.559					455.630.375.301.033					46.429.931.524.476	478.670.591.664.964	504.879.274.647.591	484.965.556.939.886	489.886.068.086.751	520.768.658.720.228	505.414.839.500.275	47.897.761.608.736	480.582.359.982.155	479.423.986.150.561		
IDA blend	IDB	PM2.5 air pollution, mean annual exposure (micrograms per cubic meter)	EN.ATM.PM25.MC.M3																															572.260.201.456.324					52.729.878.449.082					574.294.410.550.362					534.056.308.104.214					541.075.813.340.147	556.736.648.168.711	587.546.180.026.394	564.189.615.652.594	577.437.561.067.867	624.647.386.998.093	605.728.369.589.335	57.248.264.606.883	576.585.138.585.607	577.941.501.604.686		
Indonesia	IDN	PM2.5 air pollution, mean annual exposure (micrograms per cubic meter)	EN.ATM.PM25.MC.M3																															2.688.206.326					2.531.042.819					2.334.531.803					2.175.442.599					2.231.721.025	1.894.685.133	2.006.768.554	2.001.905.868	1.889.054.816	1.992.482.789	2.115.210.797	1.855.575.927	1.911.325.719	1.937.146.134		
IDA only	IDX	PM2.5 air pollution, mean annual exposure (micrograms per cubic meter)	EN.ATM.PM25.MC.M3																															414.736.301.633.956					396.246.707.427.281					423.986.941.692.503					416.292.473.924.623					425.565.075.364.863	43.923.013.491.793	463.126.744.475.196	444.973.543.153.893	445.734.158.534.823	468.495.240.458.371	455.115.251.463.003	432.253.035.872.161	432.746.751.421.366	430.480.884.327.739		
Isle of Man	IMN	PM2.5 air pollution, mean annual exposure (micrograms per cubic meter)	EN.ATM.PM25.MC.M3																																																														
India	IND	PM2.5 air pollution, mean annual exposure (micrograms per cubic meter)	EN.ATM.PM25.MC.M3																															714.997.561					6.562.043.097					7.047.513.018					7.080.607.699					7.667.834.222	7.999.719.051	8.638.168.408	8.945.226.202	9.524.264.397	8.844.512.429	9.223.194.665	8.181.164.804	8.304.086.375	8.319.931.634		
Not classified	INX	PM2.5 air pollution, mean annual exposure (micrograms per cubic meter)	EN.ATM.PM25.MC.M3																																																														
Ireland	IRL	PM2.5 air pollution, mean annual exposure (micrograms per cubic meter)	EN.ATM.PM25.MC.M3																															1.272.396.527					1.189.778.993					110.279.213					104.600.038					9.902.931.522	1.006.939.194	9.157.206.628	8.786.223.954	8.522.230.711	8.381.681.865	7.838.263.466	7.664.546.609	7.916.850.375	7.854.094.218		
Iran	 Islamic Rep.	IRN	PM2.5 air pollution, mean annual exposure (micrograms per cubic meter)	EN.ATM.PM25.MC.M3																															3.776.866.855					3.806.961.746					3.970.649.376					3.835.606.228					4.137.853.622	4.255.901.964	4.148.378.839	4.123.888.443	3.985.297.971	4.089.116.772	3.984.131.218	389.645.715	3.860.762.301	3.801.508.315	
Iraq	IRQ	PM2.5 air pollution, mean annual exposure (micrograms per cubic meter)	EN.ATM.PM25.MC.M3																															5.298.078.092					4.826.150.047					5.092.544.334					5.085.365.062					5.724.593.137	5.398.373.198	5.354.775.973	5.154.630.059	4.758.535.292	5.309.642.572	5.008.978.666	5.002.941.919	4.914.829.956	4.846.825.216		
Iceland	ISL	PM2.5 air pollution, mean annual exposure (micrograms per cubic meter)	EN.ATM.PM25.MC.M3																															7.222.283.054					6.861.635.874					6.862.278.769					6.649.553.492					6.595.638.323	6.809.186.658	6.191.914.657	6.091.801.055	5.939.603.293	5.833.587.216	5.436.588.878	5.709.265.082	5.690.458.273	5.698.616.135		
Israel	ISR	PM2.5 air pollution, mean annual exposure (micrograms per cubic meter)	EN.ATM.PM25.MC.M3																															2.247.989.867					2.492.926.693					2.332.743.848					2.326.803.051					2.498.858.454	2.470.951.301	2.235.572.158	2.300.431.254	2.176.878.839	2.251.370.748	1.885.915.608	2.020.136.227	2.005.327.737	1.975.989.688		
Italy	ITA	PM2.5 air pollution, mean annual exposure (micrograms per cubic meter)	EN.ATM.PM25.MC.M3																															2.688.052.783					2.524.915.008					2.424.042.054					2.157.351.808					2.029.490.103	214.270.346	1.884.991.698	1.813.743.581	1.710.725.238	1.804.119.054	1.575.652.778	1.609.761.447	1.626.524.128	1.608.828.133		
Jamaica	JAM	PM2.5 air pollution, mean annual exposure (micrograms per cubic meter)	EN.ATM.PM25.MC.M3																															146.739.593					1.416.875.928					1.500.473.993					1.537.177.139					1.488.750.421	1.411.539.401	1.482.105.006	1.495.906.723	1.550.872.429	1.575.409.904	1.538.590.695	1.541.666.418	153.714.762	1.528.940.246		
Jordan	JOR	PM2.5 air pollution, mean annual exposure (micrograms per cubic meter)	EN.ATM.PM25.MC.M3																															2.840.140.577					3.127.209.259					291.775.103					3.333.893.938					3.589.120.302	3.372.917.392	3.323.273.929	3.554.875.145	3.392.842.262	3.543.994.788	3.203.573.347	325.078.793	3.145.267.441	3.064.558.855		
Japan	JPN	PM2.5 air pollution, mean annual exposure (micrograms per cubic meter)	EN.ATM.PM25.MC.M3																															1.311.132.222					1.274.090.733					1.279.177.676					1.205.741.833					1.152.530.862	1.267.886.893	13.106.628	1.336.533.634	1.371.386.106	1.340.887.797	1.335.633.595	13.570.691	1.347.597.168	1.346.980.666		
Kazakhstan	KAZ	PM2.5 air pollution, mean annual exposure (micrograms per cubic meter)	EN.ATM.PM25.MC.M3																															2.124.364.734					2.038.051.606					1.803.449.697					1.753.591.329					1.897.825.386	2.231.865.641	2.400.908.326	2.285.330.812	2.145.655.621	2.051.355.436	2.086.881.423	2.010.344.809	2.025.210.336	2.029.485.447		
Kenya	KEN	PM2.5 air pollution, mean annual exposure (micrograms per cubic meter)	EN.ATM.PM25.MC.M3																															2.175.745.986					2.209.834.847					2.547.181.528					232.584.201					268.091.823	2.878.168.174	2.907.804.791	2.808.814.029	2.725.581.094	2.808.947.284	2.688.967.903	2.506.403.775	2.328.569.035	2.161.458.718		
Kyrgyz Republic	KGZ	PM2.5 air pollution, mean annual exposure (micrograms per cubic meter)	EN.ATM.PM25.MC.M3																															225.686.402					226.644.084					2.455.999.538					2.257.651.105					2.328.809.126	2.772.189.651	2.765.705.871	2.877.509.614	2.629.792.566	2.533.994.116	2.471.003.894	2.409.670.211	2.422.386.133	2.407.288.994		
Cambodia	KHM	PM2.5 air pollution, mean annual exposure (micrograms per cubic meter)	EN.ATM.PM25.MC.M3																															2.834.054.536					2.679.196.053					2.744.127.631					2.935.286.761					2.899.049.207	2.476.841.347	2.496.952.852	2.806.749.912	2.424.631.214	2.405.520.361	2.482.502.572	2.201.765.339	2.229.493.219	221.120.864		
Kiribati	KIR	PM2.5 air pollution, mean annual exposure (micrograms per cubic meter)	EN.ATM.PM25.MC.M3																															8.969.294.845					9.811.958.766					1.006.469.304					1.027.696.685					9.806.587.652	9.763.735.686	970.650.164	9.738.884.647	9.287.738.199	9.097.105.532	9.691.195.176	9.564.153.332	9.484.560.864	9.468.882.294		
St. Kitts and Nevis	KNA	PM2.5 air pollution, mean annual exposure (micrograms per cubic meter)	EN.ATM.PM25.MC.M3																															8.578.842.874					8.542.848.912					8.634.030.166					7.864.959.375					8.104.640.488	7.323.219.482	7.966.169.748	7.730.147.535	7.579.156.473	8.593.255.996	8.801.879.674	8.556.462.116	8.770.852.336	8.789.142.812		
Korea	 Rep.	KOR	PM2.5 air pollution, mean annual exposure (micrograms per cubic meter)	EN.ATM.PM25.MC.M3																															2.495.127.354					2.426.881.701					2.422.215.497					2.359.097.074					2.285.407.832	2.545.681.317	2.579.816.942	2.753.881.372	281.810.993	2.697.657.307	2.780.560.684	2.688.210.754	2.743.635.201	2.744.033.926	
Kuwait	KWT	PM2.5 air pollution, mean annual exposure (micrograms per cubic meter)	EN.ATM.PM25.MC.M3																															597.021.408					5.386.064.104					6.306.021.564					652.862.992					662.493.716	6.797.715.751	692.648.667	667.946.724	5.702.947.492	6.614.461.017	6.100.890.885	6.339.850.808	614.947.645	6.096.648.013		
Latin America & Caribbean (excluding high income)	LAC	PM2.5 air pollution, mean annual exposure (micrograms per cubic meter)	EN.ATM.PM25.MC.M3																															230.149.965.343.647					221.115.101.033.837					215.074.549.877.148					192.261.492.233.269					190.334.321.403.495	201.506.017.403.718	19.114.333.765.167	192.402.919.788.864	186.913.571.996.408	183.731.230.684.554	178.477.308.408.753	174.967.480.360.752	175.620.837.052.287	174.789.432.604.769		
Lao PDR	LAO	PM2.5 air pollution, mean annual exposure (micrograms per cubic meter)	EN.ATM.PM25.MC.M3																															2.641.036.352					2.604.456.945					2.538.939.064					258.689.361					2.637.801.788	2.175.888.724	2.299.309.691	2.466.969.698	2.154.907.826	2.078.189.635	2.340.354.416	1.926.088.509	2.050.574.635	2.054.733.513		
Lebanon	LBN	PM2.5 air pollution, mean annual exposure (micrograms per cubic meter)	EN.ATM.PM25.MC.M3																															2.584.990.838					28.611.688					2.794.067.585					288.068.316					3.237.350.564	302.100.053	2.924.608.686	3.107.383.788	3.101.273.397	3.174.939.856	2.933.919.611	2.910.177.799	293.218.817	2.896.029.994		
Liberia	LBR	PM2.5 air pollution, mean annual exposure (micrograms per cubic meter)	EN.ATM.PM25.MC.M3																															4.911.197.595					4.117.240.398					5.011.199.831					5.111.912.488					4.446.963.149	5.131.718.502	4.916.699.824	441.458.674	4.500.740.159	5.599.663.296	5.471.186.915	4.831.232.523	5.040.175.469	5.059.973.692		
Libya	LBY	PM2.5 air pollution, mean annual exposure (micrograms per cubic meter)	EN.ATM.PM25.MC.M3																															3.747.397.925					3.969.390.311					396.695.789					438.599.594					4.807.737.731	4.000.846.258	3.751.566.204	4.322.205.102	3.966.495.649	3.974.162.327	4.085.182.106	3.783.073.851	3.894.887.339	3.859.119.845		
St. Lucia	LCA	PM2.5 air pollution, mean annual exposure (micrograms per cubic meter)	EN.ATM.PM25.MC.M3																															2.156.645.306					2.154.509.333					2.185.873.031					1.986.449.855					1.989.151.671	1.911.755.404	2.005.991.754	2.017.665.798	2.014.066.609	2.186.217.654	2.104.710.708	2.075.716.759	2.115.799.134	2.122.131.742		
Latin America & Caribbean	LCN	PM2.5 air pollution, mean annual exposure (micrograms per cubic meter)	EN.ATM.PM25.MC.M3																															225.645.503.054.993					217.436.270.585.851					21.319.640.684.081					191.930.247.366.795					191.336.231.104.969	20.235.457.758	191.868.647.358.304	193.579.061.509.325	188.176.785.388.855	185.978.400.855.091	181.005.322.628.146	177.054.768.379.671	177.953.825.474.688	177.161.524.979.344		
Least developed countries: UN classification	LDC	PM2.5 air pollution, mean annual exposure (micrograms per cubic meter)	EN.ATM.PM25.MC.M3																															417.058.607.503.666					400.195.998.052.916					423.749.857.967.288					418.227.603.719.215					429.100.909.929.422	441.267.134.107.816	468.218.214.173.832	450.661.850.512.742	452.588.668.724.766	469.763.217.208.751	455.941.367.845.101	433.460.960.980.854	434.322.763.622.948	431.832.127.889.051		
Low income	LIC	PM2.5 air pollution, mean annual exposure (micrograms per cubic meter)	EN.ATM.PM25.MC.M3																															392.877.419.451.501					37.500.664.824.845					403.521.808.266.706					390.620.070.302.077					403.365.369.461.755	41.876.020.840.653	428.565.422.314.711	415.976.351.067.297	401.979.203.478.917	438.484.013.083.336	418.520.138.822.017	407.570.262.821.826	40.811.028.578.175	405.075.737.963.841		
Liechtenstein	LIE	PM2.5 air pollution, mean annual exposure (micrograms per cubic meter)	EN.ATM.PM25.MC.M3																																																														
Sri Lanka	LKA	PM2.5 air pollution, mean annual exposure (micrograms per cubic meter)	EN.ATM.PM25.MC.M3																															2.296.583.352					2.181.013.588					2.417.892.698					2.407.469.414					2.469.380.238	2.156.928.542	2.242.414.797	2.299.523.942	2.096.900.691	1.897.034.499	207.396.319	1.992.492.371	1.969.446.106	1.996.439.581		
Lower middle income	LMC	PM2.5 air pollution, mean annual exposure (micrograms per cubic meter)	EN.ATM.PM25.MC.M3																															571.544.972.688.037					53.622.925.567.653					571.178.613.830.258					566.010.043.985.224					598.526.049.766.017	613.614.687.737.313	654.804.517.578.937	662.626.728.604.664	691.224.558.962.481	670.049.858.043.648	679.663.549.692.303	618.596.366.712.271	625.367.274.032.809	625.555.778.110.254		
Low & middle income	LMY	PM2.5 air pollution, mean annual exposure (micrograms per cubic meter)	EN.ATM.PM25.MC.M3																															463.747.821.292.125					44.628.447.175.263					467.536.110.470.473					464.033.832.965.554					486.439.693.806.165	505.171.585.965.501	526.192.896.488.316	539.162.373.595.917	542.731.317.767.378	527.350.655.214.439	519.595.931.161.534	484.103.935.571.186	486.505.220.259.325	482.925.323.061.632		
Lesotho	LSO	PM2.5 air pollution, mean annual exposure (micrograms per cubic meter)	EN.ATM.PM25.MC.M3																															3.161.718.622					3.182.033.059					3.037.208.717					2.737.260.881					3.262.987.189	3.267.711.249	3.254.599.663	3.182.818.232	3.268.274.398	3.206.282.777	3.139.956.031	2.979.040.935	2.873.518.151	2.752.281.327		
Late-demographic dividend	LTE	PM2.5 air pollution, mean annual exposure (micrograms per cubic meter)	EN.ATM.PM25.MC.M3																															391.752.693.016.892					38.990.495.386.363					398.713.702.954.787					401.807.787.601.326					413.252.719.150.126	442.156.363.405.602	443.857.522.043.554	471.641.604.677.491	449.355.698.684.052	422.059.621.452.448	392.705.835.721.747	380.598.461.791.006	377.025.012.117.255	367.155.717.681.967		
Lithuania	LTU	PM2.5 air pollution, mean annual exposure (micrograms per cubic meter)	EN.ATM.PM25.MC.M3																															1.751.943.295					1.643.451.936					1.435.994.595					1.405.574.145					1.470.448.134	1.299.478.901	130.260.807	130.277.502	133.329.535	1.180.372.346	1.078.161.948	1.019.686.116	1.048.238.618	1.037.350.411		
Luxembourg	LUX	PM2.5 air pollution, mean annual exposure (micrograms per cubic meter)	EN.ATM.PM25.MC.M3																															1.620.578.071					1.496.989.211					1.312.933.947					1.252.862.468					1.318.124.791	1.284.812.551	1.149.788.129	1.190.044.543	1.015.031.354	1.061.470.309	9.921.704.411	9.845.420.415	1.013.585.944	1.006.890.585		
Latvia	LVA	PM2.5 air pollution, mean annual exposure (micrograms per cubic meter)	EN.ATM.PM25.MC.M3																															2.087.171.164					1.947.926.636					1.724.708.544					1.702.533.531					1.808.881.031	1.579.757.359	1.524.810.165	1.555.702.788	1.619.572.343	1.378.739.916	12.896.183	1.178.077.521	12.208.934	1.201.165.835		
Macao SAR	 China	MAC	PM2.5 air pollution, mean annual exposure (micrograms per cubic meter)	EN.ATM.PM25.MC.M3																																																													
St. Martin (French part)	MAF	PM2.5 air pollution, mean annual exposure (micrograms per cubic meter)	EN.ATM.PM25.MC.M3																																																														
Morocco	MAR	PM2.5 air pollution, mean annual exposure (micrograms per cubic meter)	EN.ATM.PM25.MC.M3																															2.759.605.203					2.862.897.455					3.224.000.904					3.257.264.648					3.291.817.527	3.156.370.096	3.042.396.929	2.938.557.188	2.940.059.385	3.208.758.908	3.088.602.135	3.410.665.652	3.392.957.286	3.505.284.088		
Monaco	MCO	PM2.5 air pollution, mean annual exposure (micrograms per cubic meter)	EN.ATM.PM25.MC.M3																															1.018.979.861					9.503.555.651					1.623.181.088					1.510.886.171					1.431.510.805	1.557.817.932	1.390.302.297	1.301.598.782	1.193.351.121	13.056.853	1.142.922.219	1.151.508.073	1.175.642.502	1.166.888.949		
Moldova	MDA	PM2.5 air pollution, mean annual exposure (micrograms per cubic meter)	EN.ATM.PM25.MC.M3																															2.238.904.979					2.120.298.576					1.914.252.217					184.986.738					1.825.907.358	1.815.842.605	1.799.705.557	1.757.367.294	1.641.710.187	1.612.818.151	1.473.766.469	1.338.884.186	1.390.585.086	1.374.739.724		
Madagascar	MDG	PM2.5 air pollution, mean annual exposure (micrograms per cubic meter)	EN.ATM.PM25.MC.M3																															1.636.741.952					1.629.104.625					1.723.831.043					1.776.292.144					1.900.867.131	2.009.269.248	1.917.912.129	1.970.239.888	1.925.843.878	2.016.731.825	1.934.634.864	1.800.806.439	1.827.047.187	178.593.854		
Maldives	MDV	PM2.5 air pollution, mean annual exposure (micrograms per cubic meter)	EN.ATM.PM25.MC.M3																															2.096.419.496					2.017.513.191					1.410.382.753					1.330.959.933					1.374.643.253	1.228.813.159	128.234.432	1.245.355.352	1.110.396.316	1.019.679.349	1.210.828.489	1.116.442.084	1.089.985.209	1.094.405.416		
Middle East & North Africa	MEA	PM2.5 air pollution, mean annual exposure (micrograms per cubic meter)	EN.ATM.PM25.MC.M3																															439.980.544.118.003					458.183.742.201.906					468.448.429.963.183					46.642.633.348.297					504.677.634.931.326	484.955.518.432.844	487.880.028.348.212	492.288.767.614.495	467.933.214.692.633	495.653.505.939.726	464.100.679.864.282	469.544.138.407.512	469.317.415.350.467	466.035.907.774.115		
Mexico	MEX	PM2.5 air pollution, mean annual exposure (micrograms per cubic meter)	EN.ATM.PM25.MC.M3																															3.268.134.958					3.175.915.858					3.040.916.722					2.314.446.696					2.161.912.278	2.471.743.397	2.281.352.392	2.360.777.306	2.203.917.349	2.211.412.862	2.127.024.268	204.160.723	2.039.335.761	2.012.401.203		
Marshall Islands	MHL	PM2.5 air pollution, mean annual exposure (micrograms per cubic meter)	EN.ATM.PM25.MC.M3																															935.853.974					9.362.753.867					9.983.340.643					1.002.699.513					971.516.679	9.446.098.507	9.279.395.317	9.377.626.462	902.903.083	9.019.559.314	9.075.500.701	9.153.255.835	9.066.089.264	9.044.039.796		
Middle income	MIC	PM2.5 air pollution, mean annual exposure (micrograms per cubic meter)	EN.ATM.PM25.MC.M3																															468.921.476.962.061					451.804.640.719.977					472.821.890.730.676					470.593.500.343.884					494.526.755.624.773	513.719.899.239.075	535.995.326.585.499	551.691.215.882.329	557.226.410.471.557	536.625.051.662.027	530.302.226.023.087	492.338.168.340.675	495.079.874.708.374	491.593.609.094.701		
North Macedonia	MKD	PM2.5 air pollution, mean annual exposure (micrograms per cubic meter)	EN.ATM.PM25.MC.M3																															4.560.135.732					4.404.414.579					4.170.419.101					3.715.307.677					358.443.433	4.105.690.857	3.679.534.047	3.390.486.411	3.479.278.398	3.255.975.286	3.049.533.977	3.143.565.921	3.088.528.202	3.026.931.856		
Mali	MLI	PM2.5 air pollution, mean annual exposure (micrograms per cubic meter)	EN.ATM.PM25.MC.M3																															6.129.463.947					5.670.963.764					6.098.426.266					596.884.795					6.242.665.398	5.897.191.431	6.343.015.874	5.278.016.724	5.600.353.617	6.582.960.573	6.061.509.832	6.160.379.119	6.053.457.655	6.062.414.043		
Malta	MLT	PM2.5 air pollution, mean annual exposure (micrograms per cubic meter)	EN.ATM.PM25.MC.M3																															1.649.244.468					1.658.836.145					1.600.051.716					1.531.761.524					1.753.479.836	161.746.136	1.408.691.429	1.332.212.417	1.375.861.976	134.950.264	128.402.408	1.250.133.169	130.359.469	129.910.498		
Myanmar	MMR	PM2.5 air pollution, mean annual exposure (micrograms per cubic meter)	EN.ATM.PM25.MC.M3																															3.576.193.715					3.512.029.354					3.339.348.749					3.657.941.224					3.752.067.534	3.116.283.822	349.152.645	3.613.453.786	3.227.396.916	3.118.146.951	3.241.346.793	2.910.398.763	2.957.682.003	2.943.314.277		
Middle East & North Africa (excluding high income)	MNA	PM2.5 air pollution, mean annual exposure (micrograms per cubic meter)	EN.ATM.PM25.MC.M3																															437.846.405.377.312					458.785.339.893.353					46.419.715.072.977					459.323.229.751.286					499.316.019.248.075	473.383.815.430.943	473.711.463.271.013	482.443.647.485.579	464.429.235.593.264	484.019.716.118.774	456.286.342.922.009	457.722.412.994.717	45.940.339.481.182	456.094.021.722.057		
Montenegro	MNE	PM2.5 air pollution, mean annual exposure (micrograms per cubic meter)	EN.ATM.PM25.MC.M3																															3.306.140.005					3.226.028.861					2.840.976.142					2.570.762.668					2.515.673.695	2.780.248.173	2.606.008.923	2.401.188.607	2.374.483.028	2.335.826.543	2.121.821.429	2.191.565.485	2.167.742.225	2.125.685.256		
Mongolia	MNG	PM2.5 air pollution, mean annual exposure (micrograms per cubic meter)	EN.ATM.PM25.MC.M3																															2.660.908.995					2.528.114.306					2.708.689.915					2.501.117.947					3.013.551.628	3.796.566.722	4.046.590.396	3.788.969.103	3.476.350.533	3.715.549.626	3.937.772.018	3.595.616.844	3.747.248.859	3.805.757.134		
Northern Mariana Islands	MNP	PM2.5 air pollution, mean annual exposure (micrograms per cubic meter)	EN.ATM.PM25.MC.M3																															988.604.398					9.588.367.156					797.776.548					7.633.029.514					7.189.279.108	7.040.822.394	6.985.875.583	7.690.390.513	7.349.006.477	9.546.252.635	8.374.308.489	7.839.653.053	8.192.170.775	8.151.978.907		
Mozambique	MOZ	PM2.5 air pollution, mean annual exposure (micrograms per cubic meter)	EN.ATM.PM25.MC.M3																															2.235.879.537					2.187.502.321					2.268.514.994					2.200.218.626					2.325.243.023	2.361.494.743	2.359.782.449	2.370.516.014	2.355.656.662	2.401.223.447	2.312.560.737	2.213.970.265	2.154.200.034	2.077.406.654		
Mauritania	MRT	PM2.5 air pollution, mean annual exposure (micrograms per cubic meter)	EN.ATM.PM25.MC.M3																															6.839.994.745					7.008.733.476					7.187.885.097					652.745.712					644.872.204	6.566.767.722	7.024.164.945	6.078.226.417	6.059.257.285	7.146.707.421	6.648.828.292	6.963.359.465	6.665.394.242	668.117.824		
Mauritius	MUS	PM2.5 air pollution, mean annual exposure (micrograms per cubic meter)	EN.ATM.PM25.MC.M3																															1.448.766.914					1.486.654.928					1.487.889.667					1.620.307.148					1.501.183.272	1.501.177.506	1.484.558.426	1.517.960.022	1.500.618.829	1.498.251.518	1.486.280.357	1.481.559.572	1.492.622.738	1.491.383.169		
Malawi	MWI	PM2.5 air pollution, mean annual exposure (micrograms per cubic meter)	EN.ATM.PM25.MC.M3																															2.429.823.522					2.318.355.421					2.508.789.463					2.453.315.863					2.576.200.797	271.748.805	271.977.447	2.647.693.677	2.683.022.559	2.706.821.686	2.605.141.291	239.485.906	2.347.253.554	2.234.665.143		
Malaysia	MYS	PM2.5 air pollution, mean annual exposure (micrograms per cubic meter)	EN.ATM.PM25.MC.M3																															2.795.581.395					2.278.895.296					2.058.290.419					2.010.216.491					1.824.105.197	1.731.553.828	1.818.110.773	185.277.661	1.722.079.966	1.812.386.202	1.675.819.034	164.374.241	1.646.084.288	1.659.099.631		
North America	NAC	PM2.5 air pollution, mean annual exposure (micrograms per cubic meter)	EN.ATM.PM25.MC.M3																															130.831.593.780.376					125.869.871.753.379					116.757.166.217.346					107.266.077.587.307					908.896.935.148.257	90.716.947.613.631	874.321.124.792.674	850.471.723.011.311	83.384.881.435.111	807.501.679.398.792	726.103.776.926.329	769.783.044.115.519	77.040.935.949.423	760.569.272.921.064		
Namibia	NAM	PM2.5 air pollution, mean annual exposure (micrograms per cubic meter)	EN.ATM.PM25.MC.M3																															2.505.950.809					2.470.554.706					2.548.152.446					2.455.185.999					265.972.148	2.757.145.532	2.734.520.834	2.665.148.554	260.859.573	2.693.323.269	256.294.934	2.516.074.037	2.474.796.538	2.419.978.552		
New Caledonia	NCL	PM2.5 air pollution, mean annual exposure (micrograms per cubic meter)	EN.ATM.PM25.MC.M3																																																														
Niger	NER	PM2.5 air pollution, mean annual exposure (micrograms per cubic meter)	EN.ATM.PM25.MC.M3																															7.424.646.506					7.176.087.881					768.338.891					7.928.608.804					7.800.109.729	8.046.845.613	7.861.511.118	7.063.492.378	6.929.133.601	8.752.219.262	8.525.194.829	7.803.893.543	7.991.205.868	8.010.926.696		
Nigeria	NGA	PM2.5 air pollution, mean annual exposure (micrograms per cubic meter)	EN.ATM.PM25.MC.M3																															7.158.031.634					6.731.029.338					742.567.105					6.747.106.169					6.290.328.334	6.484.236.811	6.736.461.608	596.854.016	5.948.444.907	7.605.337.278	6.962.587.645	6.912.074.978	6.982.257.148	7.039.625.682		
Nicaragua	NIC	PM2.5 air pollution, mean annual exposure (micrograms per cubic meter)	EN.ATM.PM25.MC.M3																															2.096.666.628					2.022.869.552					2.172.911.591					2.306.554.667					2.139.452.778	2.387.684.453	2.151.418.461	2.346.972.436	2.143.012.396	2.189.483.769	2.110.660.159	1.979.808.272	2.055.766.527	2.043.900.913		
Netherlands	NLD	PM2.5 air pollution, mean annual exposure (micrograms per cubic meter)	EN.ATM.PM25.MC.M3																															199.381.451					1.855.928.885					167.914.327					1.530.183.547					1.571.146.331	1.549.744.169	1.381.230.888	1.272.082.828	1.218.576.243	1.265.099.613	1.151.731.149	1.242.053.652	1.207.642.052	120.392.862		
Norway	NOR	PM2.5 air pollution, mean annual exposure (micrograms per cubic meter)	EN.ATM.PM25.MC.M3																															1.176.053.243					1.068.419.393					1.009.080.673					8.168.736.987					8.099.763.965	9.050.737.279	7.555.663.741	727.897.533	7.454.135.917	700.932.544	6.594.523.915	6.652.507.161	6.695.799.295	6.642.383.374		
Nepal	NPL	PM2.5 air pollution, mean annual exposure (micrograms per cubic meter)	EN.ATM.PM25.MC.M3																															678.473.854					642.017.057					6.703.447.171					6.970.727.002					7.714.093.136	7.811.293.037	8.699.389.723	863.556.379	9.481.583.099	8.868.734.566	9.149.270.402	8.062.596.922	8.268.815.279	8.310.319.363		
Nauru	NRU	PM2.5 air pollution, mean annual exposure (micrograms per cubic meter)	EN.ATM.PM25.MC.M3																															5.915.312.614					659.920.249					5.714.254.314					569.686.128					5.408.164.988	5.298.737.139	5.209.032.839	5.299.076.463	5.163.300.753	5.531.956.166	5.971.842.703	5.830.128.348	5.866.224.431	5.857.163.356		
New Zealand	NZL	PM2.5 air pollution, mean annual exposure (micrograms per cubic meter)	EN.ATM.PM25.MC.M3																															6.947.434.058					6.886.499.033					676.699.141					6.348.300.787					630.265.652	6.112.340.412	6.234.547.703	6.263.099.945	6.052.504.463	6.007.926.029	6.081.610.072	5.983.860.739	6.034.471.375	6.048.305.496		
OECD members	OED	PM2.5 air pollution, mean annual exposure (micrograms per cubic meter)	EN.ATM.PM25.MC.M3																															192.805.292.319.425					185.133.407.016.271					176.491.365.145.677					159.592.999.251.362					154.931.524.980.346	160.495.557.307.058	150.730.512.760.463	151.246.373.465.657	14.655.391.667.981	146.351.644.806.265	139.277.179.180.259	139.036.173.405.729	139.619.201.613.241	138.367.306.469.379		
Oman	OMN	PM2.5 air pollution, mean annual exposure (micrograms per cubic meter)	EN.ATM.PM25.MC.M3																															4.364.239.799					396.555.777					4.315.936.887					4.279.003.956					4.107.175.478	4.483.063.053	4.657.105.523	4.405.922.815	4.065.538.072	440.639.596	4.227.135.251	4.403.325.236	4.431.794.214	4.457.247.023		
Other small states	OSS	PM2.5 air pollution, mean annual exposure (micrograms per cubic meter)	EN.ATM.PM25.MC.M3																															310.869.092.692.365					310.140.232.724.405					321.718.831.578.046					318.719.444.845.709					344.416.826.938.367	355.117.210.737.413	367.326.166.849.414	34.761.689.042.869	341.705.188.246.626	380.259.427.116.167	361.603.758.255.267	363.803.837.211.334	359.122.145.448.673	356.813.075.860.649		
Pakistan	PAK	PM2.5 air pollution, mean annual exposure (micrograms per cubic meter)	EN.ATM.PM25.MC.M3																															60.737.048					5.345.696.804					5.771.889.497					5.520.881.643					5.960.870.032	5.998.728.468	6.541.081.339	6.684.634.548	7.094.474.538	669.297.544	687.176.409	6.175.482.212	6.239.700.577	6.257.424.987		
Panama	PAN	PM2.5 air pollution, mean annual exposure (micrograms per cubic meter)	EN.ATM.PM25.MC.M3																															1.568.399.331					1.463.948.418					1.661.990.036					1.600.965.098					154.543.969	1.544.989.787	1.492.315.966	1.547.718.389	1.545.471.741	1.597.528.537	1.443.266.888	1.386.640.498	1.363.064.322	1.320.059.479		
Peru	PER	PM2.5 air pollution, mean annual exposure (micrograms per cubic meter)	EN.ATM.PM25.MC.M3																															365.194.978					311.040.891					2.758.052.413					2.812.519.868					3.000.974.099	2.917.575.629	3.087.318.178	2.950.216.912	3.023.785.803	3.066.320.889	3.044.623.225	3.029.525.868	3.063.848.317	3.082.669.477		
Philippines	PHL	PM2.5 air pollution, mean annual exposure (micrograms per cubic meter)	EN.ATM.PM25.MC.M3																															3.044.313.335					2.959.099.427					286.033.286					2.698.519.517					2.409.308.424	2.085.443.431	2.163.680.867	2.181.288.679	196.970.665	195.380.734	2.011.007.067	1.864.126.301	1.873.649.283	1.882.613.108		
Palau	PLW	PM2.5 air pollution, mean annual exposure (micrograms per cubic meter)	EN.ATM.PM25.MC.M3																															687.572.623					6.446.199.689					6.615.598.386					6.818.266.909					582.930.591	6.521.075.623	6.820.763.202	6.669.478.845	7.281.334.486	9.036.533.493	7.327.135.948	6.908.076.947	7.150.738.006	6.873.805.482		
Papua New Guinea	PNG	PM2.5 air pollution, mean annual exposure (micrograms per cubic meter)	EN.ATM.PM25.MC.M3																															1.766.095.952					1.722.843.342					1.674.391.589					1.499.480.834					1.735.284.731	1.633.833.033	1.598.949.513	1.610.736.574	157.666.112	1.654.292.665	166.926.953	1.594.673.725	1.626.495.641	162.311.858		
Poland	POL	PM2.5 air pollution, mean annual exposure (micrograms per cubic meter)	EN.ATM.PM25.MC.M3																															3.334.687.337					3.225.544.382					2.785.155.025					2.683.820.327					2.729.182.037	2.707.180.922	2.460.328.947	2.369.389.027	2.391.940.281	2.276.911.952	2.181.786.779	22.779.038	2.274.705.532	226.420.051		
Pre-demographic dividend	PRE	PM2.5 air pollution, mean annual exposure (micrograms per cubic meter)	EN.ATM.PM25.MC.M3																															476.572.815.250.798					450.279.295.851.205					492.370.056.443.179					461.778.108.453.078					459.063.050.306.215	47.300.093.594.913	484.978.581.956.876	449.780.755.949.988	442.619.160.722.598	516.381.504.129.008	486.326.806.884.834	471.919.650.497.372	472.478.639.943.862	470.456.319.551.243		
Puerto Rico	PRI	PM2.5 air pollution, mean annual exposure (micrograms per cubic meter)	EN.ATM.PM25.MC.M3																															76.809.684					7.580.038.751					6.817.300.222					6.214.736.156					6.296.361.103	557.145.349	6.242.564.048	5.995.986	6.131.923.431	6.720.400.954	6.772.591.917	674.257.415	6.841.077.504	685.168.132		
Korea	 Dem. People's Rep.	PRK	PM2.5 air pollution, mean annual exposure (micrograms per cubic meter)	EN.ATM.PM25.MC.M3																															410.299.561					394.431.899					404.530.048					4.067.379.917					3.871.368.093	445.453.414	4.541.253.543	4.982.200.792	4.915.322.338	4.715.602.971	427.322.875	4.274.423.807	4.430.760.137	4.432.957.478	
Portugal	PRT	PM2.5 air pollution, mean annual exposure (micrograms per cubic meter)	EN.ATM.PM25.MC.M3																															1.158.313.483					1.117.537.188					117.170.415					1.095.942.529					988.427.534	1.058.600.078	9.261.773.306	8.917.701.837	877.615.963	8.893.342.519	7.921.467.562	8.478.894.344	829.850.884	8.254.802.244		
Paraguay	PRY	PM2.5 air pollution, mean annual exposure (micrograms per cubic meter)	EN.ATM.PM25.MC.M3																															1.552.983.696					1.533.919.586					1.578.350.996					1.487.514.828					1.498.227.411	1.579.855.879	1.456.556.748	1.443.912.959	1.394.629.802	1.222.763.869	1.226.387.025	124.836.148	1.247.939.839	1.251.891.553		
West Bank and Gaza	PSE	PM2.5 air pollution, mean annual exposure (micrograms per cubic meter)	EN.ATM.PM25.MC.M3																															3.004.312.773					3.301.822.468					3.157.183.418					3.292.590.812					3.606.128.484	3.387.448.361	3.278.220.108	3.579.313.049	3.450.384.906	353.216.485	3.147.268.397	3.214.535.358	3.189.103.296	3.130.254.529		
Pacific island small states	PSS	PM2.5 air pollution, mean annual exposure (micrograms per cubic meter)	EN.ATM.PM25.MC.M3																															931.019.217.464.778					955.891.583.524.805					109.677.022.604.341					110.880.005.167.501					112.700.102.756.041	111.466.797.842.304	11.134.537.035.989	113.499.530.720.825	112.111.301.781.057	112.198.819.156.412	115.438.730.425.353	113.496.288.955.248	11.459.482.479.085	115.001.869.120.771		
Post-demographic dividend	PST	PM2.5 air pollution, mean annual exposure (micrograms per cubic meter)	EN.ATM.PM25.MC.M3																															172.822.268.045.513					162.726.594.813.348					152.898.752.648.018					141.072.048.508.642					133.029.011.445.117	136.629.050.559.523	12.871.405.032.744	127.483.025.468.969	123.430.972.310.288	122.507.436.392.555	11.470.249.492.054	11.627.523.790.417	116.501.256.602.749	115.475.691.286.261		
French Polynesia	PYF	PM2.5 air pollution, mean annual exposure (micrograms per cubic meter)	EN.ATM.PM25.MC.M3																																																														
Qatar	QAT	PM2.5 air pollution, mean annual exposure (micrograms per cubic meter)	EN.ATM.PM25.MC.M3																															7.930.420.149					7.554.343.079					77.779.763					8.272.531.438					7.906.584.644	8.122.257.259	8.596.686.769	812.898.681	7.273.980.041	849.982.268	7.614.228.614	7.838.698.962	7.711.333.116	7.604.929.303		
Romania	ROU	PM2.5 air pollution, mean annual exposure (micrograms per cubic meter)	EN.ATM.PM25.MC.M3																															2.206.752.894					2.127.313.532					1.983.799.172					1.868.745.983					1.848.995.556	1.950.868.234	1.784.168.596	1.648.954.454	1.655.872.786	1.609.492.405	1.519.734.324	1.571.390.854	1.569.941.205	1.567.108.952		
Russian Federation	RUS	PM2.5 air pollution, mean annual exposure (micrograms per cubic meter)	EN.ATM.PM25.MC.M3																															1.879.017.437					1.709.438.769					1.537.937.317					1.434.288.935					1.527.774.638	1.363.707.838	1.365.876.761	1.390.976.132	1.393.528.348	1.287.477.297	1.217.632.027	1.152.259.599	1.162.978.513	1.159.553.193		
Rwanda	RWA	PM2.5 air pollution, mean annual exposure (micrograms per cubic meter)	EN.ATM.PM25.MC.M3																															3.618.728.766					368.562.904					3.880.035.805					3.581.545.959					3.627.169.287	3.775.459.321	4.028.931.528	3.804.487.801	3.775.661.455	3.864.241.689	3.848.510.282	3.557.288.206	366.600.241	3.618.491.574		
South Asia	SAS	PM2.5 air pollution, mean annual exposure (micrograms per cubic meter)	EN.ATM.PM25.MC.M3																															676.358.218.457.851					621.620.583.562.058					665.733.182.008.225					665.712.813.193.522					717.779.368.743.671	747.046.212.904.055	8.097.158.024.361	832.678.120.770.718	888.359.603.916.595	827.594.377.708.744	856.833.112.815.973	763.870.439.772.517	774.276.861.505.117	77.563.400.343.277		
Saudi Arabia	SAU	PM2.5 air pollution, mean annual exposure (micrograms per cubic meter)	EN.ATM.PM25.MC.M3																															508.298.247					5.079.207.411					5.783.613.661					6.018.568.335					6.292.279.434	6.495.237.113	6.767.731.877	6.506.263.762	5.651.070.298	6.682.087.377	5.960.073.601	6.389.713.488	6.190.085.192	6.150.824.107		
Sudan	SDN	PM2.5 air pollution, mean annual exposure (micrograms per cubic meter)	EN.ATM.PM25.MC.M3																															4.974.982.033					4.407.335.811					5.010.416.571					5.132.188.604					5.282.073.801	5.442.324.069	548.566.288	524.865.762	4.672.140.545	5.280.306.653	5.151.145.712	5.348.836.405	5.377.109.049	5.467.729.786		
Senegal	SEN	PM2.5 air pollution, mean annual exposure (micrograms per cubic meter)	EN.ATM.PM25.MC.M3																															6.252.099.761					6.321.986.982					6.366.018.386					5.680.914.644					5.668.739.592	5.802.145.733	6.450.905.978	5.304.187.379	5.540.981.308	6.539.361.923	5.947.930.794	6.342.037.083	600.827.093	6.021.139.678		
Singapore	SGP	PM2.5 air pollution, mean annual exposure (micrograms per cubic meter)	EN.ATM.PM25.MC.M3																															2.214.420.675					1.811.365.004					1.836.867.682					1.601.396.045					1.507.604.341	1.642.814.491	1.753.182.291	1.859.998.502	1.773.247.308	1.829.501.195	1.763.850.257	1.855.801.565	1.849.335.298	1.876.588.248		
Solomon Islands	SLB	PM2.5 air pollution, mean annual exposure (micrograms per cubic meter)	EN.ATM.PM25.MC.M3																															1.028.738.981					1.052.681.081					1.060.395.119					1.102.061.012					1.210.848.854	1.169.813.051	1.176.206.355	1.207.044.801	1.231.045.976	1.249.008.643	1.281.538.467	1.232.052.248	1.275.980.934	1.289.495.904		
Sierra Leone	SLE	PM2.5 air pollution, mean annual exposure (micrograms per cubic meter)	EN.ATM.PM25.MC.M3																															5.260.072.078					4.598.732.635					5.041.239.821					4.970.736.055					4.633.948.449	5.102.064.483	4.958.465.165	4.413.942.031	4.618.555.659	5.508.583.208	5.391.337.358	5.018.179.276	508.684.225	5.109.606.544		
El Salvador	SLV	PM2.5 air pollution, mean annual exposure (micrograms per cubic meter)	EN.ATM.PM25.MC.M3																															3.014.009.817					2.890.809.997					3.014.238.869					2.481.827.804					242.580.053	2.862.940.035	2.540.130.599	2.689.077.892	2.442.849.717	2.555.917.474	2.350.688.297	2.311.248.633	2.274.562.226	2.232.472.418		
San Marino	SMR	PM2.5 air pollution, mean annual exposure (micrograms per cubic meter)	EN.ATM.PM25.MC.M3																															1.256.631.416					1.185.039.949					1.115.518.103					1.037.952.566					9.017.566.285	9.723.372.737	9.488.658.091	9.261.669.606	9.701.666.602	1.000.739.323	9.847.828.442	9.795.344.364	9.981.823.299	9.906.728.131		
Somalia	SOM	PM2.5 air pollution, mean annual exposure (micrograms per cubic meter)	EN.ATM.PM25.MC.M3																															2.629.438.193					2.192.286.815					3.039.747.836					265.204.689					2.781.831.288	3.033.188.409	313.100.816	3.010.150.263	2.871.473.783	2.841.561.243	2.800.473.928	2.995.291.683	2.976.843.426	3.036.142.727		
Serbia	SRB	PM2.5 air pollution, mean annual exposure (micrograms per cubic meter)	EN.ATM.PM25.MC.M3																															357.738.673					3.515.792.827					3.301.938.236					313.759.518					3.139.235.052	3.388.729.136	3.048.810.995	2.869.870.346	2.820.153.736	2.789.252.544	2.534.308.507	2.641.632.295	2.588.760.434	2.535.417.205		
Sub-Saharan Africa (excluding high income)	SSA	PM2.5 air pollution, mean annual exposure (micrograms per cubic meter)	EN.ATM.PM25.MC.M3																															437.926.305.916.957					41.334.352.015.216					453.268.435.985.433					427.807.348.289.778					426.440.373.567.522	440.531.053.147.577	45.251.562.011.491	419.456.158.266.064	411.355.193.331.923	478.203.662.322.586	453.578.183.978.841	441.436.251.731.542	442.007.714.796.287	440.375.396.470.478		
South Sudan	SSD	PM2.5 air pollution, mean annual exposure (micrograms per cubic meter)	EN.ATM.PM25.MC.M3																															374.439.452					3.443.226.535					4.134.572.294					3.949.592.692					3.924.576.366	410.035.213	4.119.727.621	4.022.177.745	3.586.344.781	4.060.479.868	3.794.147.452	3.866.290.029	3.797.705.763	3.755.277.786		
Sub-Saharan Africa	SSF	PM2.5 air pollution, mean annual exposure (micrograms per cubic meter)	EN.ATM.PM25.MC.M3																															437.887.651.281.599					413.311.156.289.804					453.233.444.181.159					42.777.830.472.782					426.412.295.280.918	440.504.425.655.294	452.487.874.865.379	419.431.609.760.118	411.330.987.476.739	478.173.556.586.893	453.551.343.150.784	441.410.796.376.181	441.982.384.232.581	44.035.061.166.746		
Small states	SST	PM2.5 air pollution, mean annual exposure (micrograms per cubic meter)	EN.ATM.PM25.MC.M3																															267.462.959.093.843					268.027.867.055.187					280.636.621.369.888					276.292.768.084.655					297.384.589.512.181	304.551.613.314.483	315.862.200.550.208	301.638.485.919.889	298.066.320.414.206	329.833.752.939.403	315.128.133.193.661	316.732.232.582.711	313.614.086.193.679	311.894.659.621.548		
Sao Tome and Principe	STP	PM2.5 air pollution, mean annual exposure (micrograms per cubic meter)	EN.ATM.PM25.MC.M3																															3.366.732.041					3.076.381.966					3.415.202.995					3.446.843.181					3.047.158.597	3.212.056.277	2.938.329.504	3.076.797.737	2.800.675.623	3.614.480.676	3.473.052.829	2.999.540.715	3.112.162.978	3.105.885.758		
Suriname	SUR	PM2.5 air pollution, mean annual exposure (micrograms per cubic meter)	EN.ATM.PM25.MC.M3																															2.853.128.476					2.907.493.211					3.159.115.168					2.388.703.156					2.273.742.598	2.081.608.138	2.507.836.422	2.256.714.849	22.592.664	2.658.467.637	2.312.808.666	2.280.583.417	2.204.999.577	2.117.742.119		
Slovak Republic	SVK	PM2.5 air pollution, mean annual exposure (micrograms per cubic meter)	EN.ATM.PM25.MC.M3																															2.724.195.361					2.673.191.036					2.272.320.586					2.219.434.728					2.147.373.959	2.260.332.523	2.033.063.119	1.963.711.495	193.125.724	1.911.555.836	178.694.289	182.454.102	1.849.542.534	1.836.521.464		
Slovenia	SVN	PM2.5 air pollution, mean annual exposure (micrograms per cubic meter)	EN.ATM.PM25.MC.M3																															2.655.055.955					2.570.409.521					2.223.019.169					2.112.988.842					1.919.737.442	209.420.236	1.859.905.794	184.258.514	1.805.674.056	1.792.089.482	1.652.950.459	1.670.789.043	1.708.366.574	1.696.940.443		
Sweden	SWE	PM2.5 air pollution, mean annual exposure (micrograms per cubic meter)	EN.ATM.PM25.MC.M3																															978.031.349					8.849.205.524					8.433.887.717					730.670.874					7.400.644.792	7.469.532.494	6.170.044.152	6.171.492.562	6.454.065.914	5.870.147.043	544.671.115	5.693.011.634	5.688.407.622	5.647.572.855		
Eswatini	SWZ	PM2.5 air pollution, mean annual exposure (micrograms per cubic meter)	EN.ATM.PM25.MC.M3																															2.537.778.737					2.551.417.334					2.484.005.617					2.311.401.387					2.388.204.643	2.307.978.384	2.342.327.297	2.337.482.286	2.310.280.385	2.345.888.757	2.208.084.937	2.341.488.293	2.318.486.991	2.334.521.196		
Sint Maarten (Dutch part)	SXM	PM2.5 air pollution, mean annual exposure (micrograms per cubic meter)	EN.ATM.PM25.MC.M3																																																														
Seychelles	SYC	PM2.5 air pollution, mean annual exposure (micrograms per cubic meter)	EN.ATM.PM25.MC.M3																															150.615.212					1.600.643.713					1.637.744.579					158.964.359					151.257.082	165.159.476	1.605.158.537	1.587.951.496	151.301.922	1.531.346.781	1.598.290.713	1.588.743.775	1.560.358.619	155.639.189		
Syrian Arab Republic	SYR	PM2.5 air pollution, mean annual exposure (micrograms per cubic meter)	EN.ATM.PM25.MC.M3																															3.260.394.534					3.323.779.288					2.991.257.847					3.116.942.288					3.554.506.403	3.278.115.955	3.168.059.462	3.317.491.042	3.265.425.575	3.399.185.965	3.186.869.856	314.019.564	3.137.040.945	3.095.362.503		
Turks and Caicos Islands	TCA	PM2.5 air pollution, mean annual exposure (micrograms per cubic meter)	EN.ATM.PM25.MC.M3																																																														
Chad	TCD	PM2.5 air pollution, mean annual exposure (micrograms per cubic meter)	EN.ATM.PM25.MC.M3																															5.946.452.558					5.503.201.712					6.026.263.791					5.944.666.881					5.753.023.063	5.878.662.177	598.616.705	5.579.298.325	5.337.526.383	6.396.919.397	5.985.638.516	5.952.255.694	5.920.016.634	592.825.236		
East Asia & Pacific (IDA & IBRD countries)	TEA	PM2.5 air pollution, mean annual exposure (micrograms per cubic meter)	EN.ATM.PM25.MC.M3																															43.413.383.884.028					429.920.752.491.191					435.928.813.883.382					438.129.445.154.843					447.482.087.618.178	470.727.350.595.354	477.068.544.476.795	508.798.828.230.513	480.718.884.935.568	452.913.322.773.456	4.244.654.045.557	405.164.233.990.371	401.551.146.621.769	390.537.560.332.859		
Europe & Central Asia (IDA & IBRD countries)	TEC	PM2.5 air pollution, mean annual exposure (micrograms per cubic meter)	EN.ATM.PM25.MC.M3																															242.034.098.071.206					234.728.863.890.729					222.694.790.895.799					210.269.415.906.796					221.946.605.004.335	227.165.657.559.433	219.590.213.407.271	219.865.214.766.463	21.718.301.001.676	210.636.706.845.646	201.639.436.345.958	198.127.846.872.507	199.051.641.024.175	1.981.038.651.159		
Togo	TGO	PM2.5 air pollution, mean annual exposure (micrograms per cubic meter)	EN.ATM.PM25.MC.M3																															4.919.434.346					4.413.915.068					5.096.507.963					4.352.693.562					4.337.426.449	4.341.716.078	4.521.821.252	4.029.245.507	4.066.206.069	5.106.406.404	4.826.087.382	4.651.135.326	4.639.462.374	4.621.037.553		
Thailand	THA	PM2.5 air pollution, mean annual exposure (micrograms per cubic meter)	EN.ATM.PM25.MC.M3																															3.835.866.875					3.611.607.713					3.453.332.391					3.532.246.182					354.185.359	2.991.406.001	3.134.154.258	337.865.692	2.943.028.859	2.804.174.447	3.069.239.101	2.693.362.982	2.748.165.939	2.740.271.356		
Tajikistan	TJK	PM2.5 air pollution, mean annual exposure (micrograms per cubic meter)	EN.ATM.PM25.MC.M3																															3.356.379.431					3.528.282.568					4.096.379.882					3.278.807.708					3.451.170.734	4.603.697.934	4.123.014.791	4.228.231.885	3.963.461.873	3.897.318.659	3.813.679.678	384.793.437	3.814.076.689	3.831.858.602		
Turkmenistan	TKM	PM2.5 air pollution, mean annual exposure (micrograms per cubic meter)	EN.ATM.PM25.MC.M3																															2.469.631.748					2.711.934.085					2.873.172.483					2.193.514.106					2.609.846.929	3.227.881.291	3.077.259.876	3.055.977.858	3.061.966.084	2.862.109.508	2.751.227.497	2.712.775.327	2.654.690.284	2.619.766.251		
Latin America & the Caribbean (IDA & IBRD countries)	TLA	PM2.5 air pollution, mean annual exposure (micrograms per cubic meter)	EN.ATM.PM25.MC.M3																															227.568.070.410.978					219.118.107.524.527					214.474.881.514.289					19.292.525.789.098					19.242.060.882.654	203.601.216.037.444	192.731.927.821.247	19.446.237.786.686	188.814.511.292.409	186.404.599.152.481	181.420.855.091.812	177.536.691.926.788	178.450.568.583.387	177.723.119.147.222		
Timor-Leste	TLS	PM2.5 air pollution, mean annual exposure (micrograms per cubic meter)	EN.ATM.PM25.MC.M3																															1.753.520.585					1.719.593.342					1.729.704.116					1.677.624.805					1.723.567.916	1.640.831.114	1.720.652.719	1.613.110.733	1.618.184.039	1.577.724.688	1.695.211.573	1.569.097.484	1.551.584.391	1.565.130.893		
Middle East & North Africa (IDA & IBRD countries)	TMN	PM2.5 air pollution, mean annual exposure (micrograms per cubic meter)	EN.ATM.PM25.MC.M3																															439.044.639.898.199					460.035.932.813.364					465.741.326.457.143					460.722.533.219.916					500.862.736.518.413	47.489.529.463.015	475.359.791.732.928	483.856.657.238.557	465.788.450.705.423	485.513.673.760.842	457.910.254.631.751	459.290.402.590.591	46.103.344.772.855	457.767.420.049.441		
Tonga	TON	PM2.5 air pollution, mean annual exposure (micrograms per cubic meter)	EN.ATM.PM25.MC.M3																															1.063.552.833					1.076.816.606					1.090.395.976					1.091.209.119					1.089.494.195	106.046.872	1.065.130.025	1.065.422.797	106.865.204	1.040.546.856	107.168.388	10.723.832	1.060.572.192	1.058.622.123		
South Asia (IDA & IBRD)	TSA	PM2.5 air pollution, mean annual exposure (micrograms per cubic meter)	EN.ATM.PM25.MC.M3																															676.358.218.457.851					621.620.583.562.058					665.733.182.008.226					665.712.813.193.522					717.779.368.743.671	747.046.212.904.055	8.097.158.024.361	832.678.120.770.718	888.359.603.916.595	827.594.377.708.744	856.833.112.815.973	763.870.439.772.517	774.276.861.505.117	77.563.400.343.277		
Sub-Saharan Africa (IDA & IBRD countries)	TSS	PM2.5 air pollution, mean annual exposure (micrograms per cubic meter)	EN.ATM.PM25.MC.M3																															437.887.651.281.599					413.311.156.289.804					453.233.444.181.159					42.777.830.472.782					426.412.295.280.918	440.504.425.655.294	452.487.874.865.379	419.431.609.760.118	411.330.987.476.739	478.173.556.586.893	453.551.343.150.784	441.410.796.376.181	441.982.384.232.581	44.035.061.166.746		
Trinidad and Tobago	TTO	PM2.5 air pollution, mean annual exposure (micrograms per cubic meter)	EN.ATM.PM25.MC.M3																															2.132.660.649					2.136.466.719					2.156.575.577					193.594.652					2.012.399.348	1.982.404.669	2.021.083.792	203.861.167	2.063.455.256	2.236.411.414	2.174.480.107	213.879.586	2.187.542.393	2.197.072.547		
Tunisia	TUN	PM2.5 air pollution, mean annual exposure (micrograms per cubic meter)	EN.ATM.PM25.MC.M3																															29.642.879					291.247.249					3.407.548.389					3.166.796.588					3.411.834.281	3.108.552.131	3.038.558.265	2.975.488.893	3.250.654.257	3.103.674.122	3.278.407.402	2.984.147.507	3.061.001.314	3.042.981.942		
Turkiye	TUR	PM2.5 air pollution, mean annual exposure (micrograms per cubic meter)	EN.ATM.PM25.MC.M3																															2.600.047.701					2.607.060.417					2.678.376.487					2.596.758.518					2.891.206.034	2.760.700.271	2.712.238.118	2.781.978.844	2.778.269.564	2.861.166.279	277.790.227	2.628.925.045	2.654.401.982	2.603.180.162		
Tuvalu	TUV	PM2.5 air pollution, mean annual exposure (micrograms per cubic meter)	EN.ATM.PM25.MC.M3																															5.511.993.635					5.664.991.399					5.753.374.294					5.857.286.137					5.605.062.226	5.379.974.113	5.365.913.304	535.187.548	5.553.116.321	562.828.047	6.095.297.225	6.001.982.186	603.834.377	602.840.838		
Tanzania	TZA	PM2.5 air pollution, mean annual exposure (micrograms per cubic meter)	EN.ATM.PM25.MC.M3																															215.705.517					2.139.723.044					2.445.378.932					2.491.499.035					2.643.302.182	2.824.026.641	2.891.642.749	2.784.689.732	2.720.432.638	2.836.614.872	2.781.900.362	253.263.334	2.550.347.928	2.474.048.013		
Uganda	UGA	PM2.5 air pollution, mean annual exposure (micrograms per cubic meter)	EN.ATM.PM25.MC.M3																															351.484.599					3.688.496.227					3.992.874.967					364.345.178					3.879.164.944	4.156.924.447	4.279.371.506	4.201.385.372	4.076.668.868	4.315.615.417	4.173.858.584	3.852.500.218	3.719.901.219	3.521.822.646		
Ukraine	UKR	PM2.5 air pollution, mean annual exposure (micrograms per cubic meter)	EN.ATM.PM25.MC.M3																															2.283.611.795					2.138.191.513					1.938.182.436					1.899.706.651					1.877.805.621	181.284.545	175.138.754	1.766.327.367	1.726.757.325	1.665.075.046	149.203.705	1.451.117.826	146.057.706	1.453.144.476		
Upper middle income	UMC	PM2.5 air pollution, mean annual exposure (micrograms per cubic meter)	EN.ATM.PM25.MC.M3																															379.256.673.810.109					374.876.030.421.406					379.176.723.725.657					375.236.318.908.717					385.834.839.002.763	408.418.047.298.022	409.844.609.783.261	433.064.448.132.634	412.889.174.681.986	391.859.148.250.157	367.052.813.178.007	353.344.845.964.104	350.569.401.123.699	341.846.387.905.911		
Uruguay	URY	PM2.5 air pollution, mean annual exposure (micrograms per cubic meter)	EN.ATM.PM25.MC.M3																															1.061.403.532					1.047.938.365					101.405.298					9.082.839.158					9.418.435.717	9.677.654.528	9.304.554.903	1.032.843.869	9.886.206.715	9.935.544.433	9.895.116.598	9.535.755.186	9.579.838.998	9.533.862.914		
United States	USA	PM2.5 air pollution, mean annual exposure (micrograms per cubic meter)	EN.ATM.PM25.MC.M3																															1.341.568.004					1.289.770.264					1.194.563.014					1.091.341.302					9.221.851.825	926.299.254	8.869.988.146	864.162.897	8.433.002.378	8.163.752.791	7.378.939.412	774.468.451	7.775.115.257	7.663.692.516		
Uzbekistan	UZB	PM2.5 air pollution, mean annual exposure (micrograms per cubic meter)	EN.ATM.PM25.MC.M3																															3.605.044.768					3.834.889.454					3.700.236.184					3.130.170.584					3.229.140.696	4.143.852.028	3.902.130.032	394.845.918	375.033.592	3.548.586.783	351.167.798	3.506.871.307	3.478.486.605	3.478.609.557		
St. Vincent and the Grenadines	VCT	PM2.5 air pollution, mean annual exposure (micrograms per cubic meter)	EN.ATM.PM25.MC.M3																															219.025.666					2.181.653.018					2.195.636.265					1.990.198.884					1.979.811.789	1.903.173.268	1.992.158.144	1.994.906.515	2.005.605.524	2.174.047.554	2.091.035.722	2.073.036.472	2.105.824.537	2.112.973.864		
Venezuela	 RB	VEN	PM2.5 air pollution, mean annual exposure (micrograms per cubic meter)	EN.ATM.PM25.MC.M3																															2.024.931.985					201.194.563					2.146.914.658					2.093.139.471					2.304.711.653	2.433.177.624	2.243.318.785	2.252.866.596	2.194.482.038	2.222.732.307	2.183.009.872	2.145.612.493	2.167.255.829	2.174.698.878	
British Virgin Islands	VGB	PM2.5 air pollution, mean annual exposure (micrograms per cubic meter)	EN.ATM.PM25.MC.M3																																																														
Virgin Islands (U.S.)	VIR	PM2.5 air pollution, mean annual exposure (micrograms per cubic meter)	EN.ATM.PM25.MC.M3																															9.751.904.647					9.658.447.479					8.675.964.872					7.884.689.012					8.184.549.513	7.284.503.794	813.579.952	7.829.568	7.804.119.282	8.704.295.452	8.904.008.645	8.824.996.753	8.966.864.965	8.996.021.018		
Vietnam	VNM	PM2.5 air pollution, mean annual exposure (micrograms per cubic meter)	EN.ATM.PM25.MC.M3																															2.667.318.543					2.586.689.287					2.566.637.392					2.645.818.252					2.710.947.116	2.378.443.184	2.362.616.281	252.377.872	2.234.041.158	2.182.366.181	2.254.560.976	2.047.951.266	205.326.508	203.898.157		
Vanuatu	VUT	PM2.5 air pollution, mean annual exposure (micrograms per cubic meter)	EN.ATM.PM25.MC.M3																															1.297.380.779					1.367.172.018					1.324.702.364					1.248.759.874					1.316.791.653	1.322.117.063	1.284.788.559	1.328.704.919	1.303.072.112	1.252.967.863	1.307.494.413	128.929.333	1.289.853.604	1.288.296.752		
World	WLD	PM2.5 air pollution, mean annual exposure (micrograms per cubic meter)	EN.ATM.PM25.MC.M3																															40.860.852.751.709					395.086.011.027.812					413.126.333.990.551					410.368.059.527.948					429.743.018.592.595	446.676.141.036.154	463.343.245.935.929	474.235.534.434.696	476.530.612.599.967	464.708.019.994.337	457.030.920.840.197	428.370.726.828.886	430.782.612.188.431	428.051.623.898.921		
Samoa	WSM	PM2.5 air pollution, mean annual exposure (micrograms per cubic meter)	EN.ATM.PM25.MC.M3																															1.081.210.616					1.087.235.353					1.104.364.215					1.155.631.281					1.110.471.801	1.070.804.506	1.078.258.779	1.086.783.061	1.114.080.727	1.101.634.581	1.131.508.398	1.090.094.994	110.444.457	1.101.483.371		
Kosovo	XKX	PM2.5 air pollution, mean annual exposure (micrograms per cubic meter)	EN.ATM.PM25.MC.M3																																																														
Yemen	 Rep.	YEM	PM2.5 air pollution, mean annual exposure (micrograms per cubic meter)	EN.ATM.PM25.MC.M3																															4.726.235.873					4.386.978.315					4.862.243.832					4.350.002.991					4.468.925.506	4.888.552.552	5.441.184.561	5.140.472.879	4.369.608.477	4.833.063.334	4.495.047.945	4.644.225.626	4.514.403.975	4.446.696.713	
South Africa	ZAF	PM2.5 air pollution, mean annual exposure (micrograms per cubic meter)	EN.ATM.PM25.MC.M3																															2.875.984.422					2.918.147.425					2.869.361.318					2.703.090.776					2.939.830.185	2.945.389.805	2.916.575.633	287.701.453	2.899.888.476	2.923.503.061	2.872.137.557	288.576.422	2.875.401.758	2.867.475.434		
Zambia	ZMB	PM2.5 air pollution, mean annual exposure (micrograms per cubic meter)	EN.ATM.PM25.MC.M3																															261.230.785					2.505.722.042					2.661.195.132					2.610.704.001					2.702.852.733	2.811.089.482	283.606.157	2.728.505.272	2.734.918.603	2.826.273.741	2.740.906.413	2.618.112.194	2.634.770.053	2.592.546.019		
Zimbabwe	ZWE	PM2.5 air pollution, mean annual exposure (micrograms per cubic meter)	EN.ATM.PM25.MC.M3																															2.422.792.043					2.331.594.659					2.389.897.215					2.360.684.227					2.459.143.017	2.625.681.984	2.628.825.071	2.551.128.869	2.614.668.826	2.592.895.692	2.532.739.516	2.258.245.063	2.208.555.546	2.083.469.969		
